================================================================
======== Log Rotated - 04/02/2026, 00:28:28                     
================================================================
║             TXADMIN║ ================================================================
║             TXADMIN║ ======== [4592] FXServer Starting - 04/02/2026, 00:28:29        
║             TXADMIN║ ================================================================
WARNING: spooner has not been configured. Please edit fxmanifest.lua and set the gameName variable.
[           resources] Scanning resources.
[   resources:[plane}] Warning: [plane} does not have a resource manifest (fxmanifest.lua)
[ resources:FivemCity] Warning: FivemCity does not have a resource manifest (fxmanifest.lua)
[   resources:Impound] Warning: Impound does not have a resource manifest (fxmanifest.lua)
[resources:policestat] Warning: policestation does not have a resource manifest (fxmanifest.lua)
[ resources:slingshot] Warning: slingshot does not have a resource manifest (fxmanifest.lua)
[resources:tesla-mode] Warning: tesla-model-3 does not have a resource manifest (fxmanifest.lua)
[   resources:villa23] Warning: villa23 does not have a resource manifest (fxmanifest.lua)
[resources:AstonMarti] Warning: AstonMartinVanquish has an outdated manifest (__resource.lua instead of fxmanifest.lua)
[ resources:NissanGTR] Warning: NissanGTR has an outdated manifest (__resource.lua instead of fxmanifest.lua)
[resources:BugattiChi] Warning: BugattiChiron has an outdated manifest (__resource.lua instead of fxmanifest.lua)
[resources:Koenigsegg] Warning: KoenigseggAgeraR has an outdated manifest (__resource.lua instead of fxmanifest.lua)
[resources:FordMustan] Warning: FordMustangHoonicorn has an outdated manifest (__resource.lua instead of fxmanifest.lua)
[    resources:AudiA6] Warning: AudiA6 has an outdated manifest (__resource.lua instead of fxmanifest.lua)
[resources:AstonMarti] Warning: AstonMartinOne77 has an outdated manifest (__resource.lua instead of fxmanifest.lua)
[resources:ChevroletC] Warning: ChevroletCorvetteC7 has an outdated manifest (__resource.lua instead of fxmanifest.lua)
[    resources:AudiR8] Warning: AudiR8 has an outdated manifest (__resource.lua instead of fxmanifest.lua)
[resources:BentleyCon] Warning: BentleyContinentalGT has an outdated manifest (__resource.lua instead of fxmanifest.lua)
[  resources:BmwM3E30] Warning: BmwM3E30 has an outdated manifest (__resource.lua instead of fxmanifest.lua)
[resources:BugattiVey] Warning: BugattiVeyron has an outdated manifest (__resource.lua instead of fxmanifest.lua)
[resources:RollsRoyce] Warning: RollsRoycePhantom has an outdated manifest (__resource.lua instead of fxmanifest.lua)
[resources:ChevroletC] Warning: ChevroletChevelleSS454 has an outdated manifest (__resource.lua instead of fxmanifest.lua)
[resources:DodgeCharg] Warning: DodgeChargerSRT has an outdated manifest (__resource.lua instead of fxmanifest.lua)
[resources:DodgeViper] Warning: DodgeViperSRT has an outdated manifest (__resource.lua instead of fxmanifest.lua)
[resources:FerrariF12] Warning: FerrariF12 has an outdated manifest (__resource.lua instead of fxmanifest.lua)
[resources:FerrariF40] Warning: FerrariF40 has an outdated manifest (__resource.lua instead of fxmanifest.lua)
[resources:FerrariF80] Warning: FerrariF80 has an outdated manifest (__resource.lua instead of fxmanifest.lua)
[resources:FerrariLaF] Warning: FerrariLaFerrari has an outdated manifest (__resource.lua instead of fxmanifest.lua)
[  resources:HondaNSX] Warning: HondaNSX has an outdated manifest (__resource.lua instead of fxmanifest.lua)
[resources:FordGT2005] Warning: FordGT2005 has an outdated manifest (__resource.lua instead of fxmanifest.lua)
[resources:FordGT2017] Warning: FordGT2017 has an outdated manifest (__resource.lua instead of fxmanifest.lua)
[resources:FordMustan] Warning: FordMustangGT1965 has an outdated manifest (__resource.lua instead of fxmanifest.lua)
[resources:FordMustan] Warning: FordMustangGT2015 has an outdated manifest (__resource.lua instead of fxmanifest.lua)
[resources:HondaCivic] Warning: HondaCivicTypeR has an outdated manifest (__resource.lua instead of fxmanifest.lua)
[resources:Lamborghin] Warning: LamborghiniGallardoLP560 has an outdated manifest (__resource.lua instead of fxmanifest.lua)
[resources:MercedesC6] Warning: MercedesC63 has an outdated manifest (__resource.lua instead of fxmanifest.lua)
[resources:3DWaypoint] Warning: 3DWaypoint has an outdated manifest (__resource.lua instead of fxmanifest.lua)
[resources:MazdaRX7Ve] Warning: MazdaRX7Veilside has an outdated manifest (__resource.lua instead of fxmanifest.lua)
[ resources:McLarenF1] Warning: McLarenF1 has an outdated manifest (__resource.lua instead of fxmanifest.lua)
[ resources:McLarenP1] Warning: McLarenP1 has an outdated manifest (__resource.lua instead of fxmanifest.lua)
[resources:Mitsubishi] Warning: MitsubishiEvoIX has an outdated manifest (__resource.lua instead of fxmanifest.lua)
[resources:MercedesG6] Warning: MercedesG65 has an outdated manifest (__resource.lua instead of fxmanifest.lua)
[resources:MercedesSL] Warning: MercedesSLS has an outdated manifest (__resource.lua instead of fxmanifest.lua)
[resources:MiniCooper] Warning: MiniCooperS has an outdated manifest (__resource.lua instead of fxmanifest.lua)
[resources:Nissan370Z] Warning: Nissan370Z has an outdated manifest (__resource.lua instead of fxmanifest.lua)
[resources:NissanSkyl] Warning: NissanSkyline has an outdated manifest (__resource.lua instead of fxmanifest.lua)
[resources:Porsche918] Warning: Porsche918Spyder has an outdated manifest (__resource.lua instead of fxmanifest.lua)
[resources:PorscheCay] Warning: PorscheCayenneTurboS has an outdated manifest (__resource.lua instead of fxmanifest.lua)
[resources:PorscheGT2] Warning: PorscheGT2RS has an outdated manifest (__resource.lua instead of fxmanifest.lua)
[resources:ShelbyGT50] Warning: ShelbyGT500 has an outdated manifest (__resource.lua instead of fxmanifest.lua)
[resources:SubaruWRXS] Warning: SubaruWRXSTI has an outdated manifest (__resource.lua instead of fxmanifest.lua)
[resources:ToyotaSupr] Warning: ToyotaSupraJZA80 has an outdated manifest (__resource.lua instead of fxmanifest.lua)
[resources:VisualSett] Warning: VisualSettings has an outdated manifest (__resource.lua instead of fxmanifest.lua)
[resources:RealisticA] Warning: RealisticAirControl has an outdated manifest (__resource.lua instead of fxmanifest.lua)
[           resources] Found 249 resources.
[           resources] 53 warnings were encountered.
[          svadhesive] Authenticating server license key...
[          svadhesive] Server license key authentication succeeded. Welcome!
[    c-scripting-core] Creating script environments for monitor
[      script:monitor] [txAdmin] Resource v8.0.1 threads and commands set up. All Ready.
[           resources] Started resource monitor
[    c-scripting-core] Creating script environments for mapmanager
[           resources] Started resource mapmanager
[    c-scripting-core] Creating script environments for chat
[           resources] Started resource chat
[           resources] Started resource spawnmanager
[    c-scripting-core] Creating script environments for sessionmanager
[           resources] Started resource sessionmanager
[   script:mapmanager] Started gametype Freeroam
[           resources] Started resource basic-gamemode
[    c-scripting-core] Creating script environments for hardcap
[           resources] Started resource hardcap
[           resources] Started resource ipls_resource
[resources:lakelouise] Asset lakelouise/Barrier.ydr uses 17.0 MiB of virtual memory.
[resources:lakelouise] Asset lakelouise/Road.ydr uses 20.0 MiB of virtual memory.
[resources:lakelouise] Asset lakelouise/lakelouise.ytd uses 34.9 MiB of physical memory.
[           resources] Started resource lakelouise (3 warnings)
[     resources:lapd6] Warning: could not find client_script `vehicle_names.lua` (defined in __resource.lua:18)
[     resources:lapd6] Warning: could not find file `vehiclelayouts.meta` (defined in __resource.lua:3)
[resources:lapd6:stre] Asset lapd6/lapd6.yft uses 17.5 MiB of virtual memory.
[resources:lapd6:stre] Asset lapd6/lapd6.ytd uses 49.0 MiB of physical memory. Oversized assets can and WILL lead to streaming issues (such as models not loading/rendering).
[resources:lapd6:stre] Asset lapd6/lapd6_hi.yft uses 17.5 MiB of virtual memory.
[           resources] Started resource lapd6 (5 warnings)
[resources:mechanic-f] Warning: could not find file `peds.meta` (defined in fxmanifest.lua:4)
[resources:mechanic-f] Asset mechanic-f1/f1_r.ydr uses 32.0 MiB of virtual memory.
[resources:mechanic-f] Asset mechanic-f1/mc_txt.ytd uses 180.0 MiB of physical memory. Oversized assets can and WILL lead to streaming issues (such as models not loading/rendering).
[           resources] Started resource mechanic-f1 (3 warnings)
[           resources] Started resource pillbox
[           resources] Started resource redmo-firestation-master
[           resources] Started resource dealer_map
[           resources] Started resource hospital_map
[           resources] Started resource prison_canteen
[resources:prison_mai] Asset prison_main/desertos_prison.ytd uses 30.5 MiB of physical memory.
[           resources] Started resource prison_main (1 warning)
[           resources] Started resource prison_meeting
[ citizen-server-impl] Couldn't find resource category [ui].
[           resources] Started resource pma-radio
[    c-scripting-core] Creating script environments for pma-voice
[ citizen-server-impl] sync thread hitch warning: timer interval of 113 milliseconds
[           resources] Started resource pma-voice
[           resources] Started resource 3DWaypoint
[    c-scripting-core] Creating script environments for Ricky-VinewoodSign
[script:Ricky-Vinewoo] [Ricky-VinewoodSign] Framework found: standalone
[           resources] Started resource Ricky-VinewoodSign
[    c-scripting-core] Creating script environments for ServerSync
[           resources] Started resource ServerSync
[           resources] Started resource VisualSettings
[    c-scripting-core] Creating script environments for aerial-tramway
[           resources] Started resource aerial-tramway
[ citizen-server-impl] sync thread hitch warning: timer interval of 102 milliseconds
[           resources] Started resource bob74_ipl
[    c-scripting-core] Creating script environments for fivem-cbps-menu
[script:fivem-cbps-me] [CBPS Menu] Starting server...
[script:fivem-cbps-me] [CBPS Menu] Server started successfully!
[script:fivem-cbps-me] [CBPS Menu] Settings management initialized
[ citizen-server-impl] sync thread hitch warning: timer interval of 143 milliseconds
[ citizen-server-impl] sync thread hitch warning: timer interval of 101 milliseconds
[resources:fivem-cbps] Warning: could not find file `Newtonsoft.Json.dll` (defined in fxmanifest.lua:32)
[           resources] Started resource fivem-cbps-menu (1 warning)
[           resources] Started resource mask-fix
[           resources] Warning: Resource spooner does not support the current game (gta5).
[ citizen-server-impl] Couldn't start resource spooner.
[ citizen-server-impl] sync thread hitch warning: timer interval of 147 milliseconds
[           resources] Started resource um-fpsbooster
[    c-scripting-core] Creating script environments for vMenu
[ citizen-server-impl] sync thread hitch warning: timer interval of 102 milliseconds
[ citizen-server-impl] sync thread hitch warning: timer interval of 116 milliseconds
[ citizen-server-impl] sync thread hitch warning: timer interval of 114 milliseconds
[ citizen-server-impl] sync thread hitch warning: timer interval of 124 milliseconds
[ citizen-server-impl] sync thread hitch warning: timer interval of 111 milliseconds
[ citizen-server-impl] sync thread hitch warning: timer interval of 117 milliseconds
[ citizen-server-impl] network thread hitch warning: timer interval of 280 milliseconds
[ citizen-server-impl] network thread hitch warning: timer interval of 161 milliseconds
[ citizen-server-impl] network thread hitch warning: timer interval of 157 milliseconds
[ citizen-server-impl] network thread hitch warning: timer interval of 178 milliseconds
[ citizen-server-impl] network thread hitch warning: timer interval of 152 milliseconds
[ citizen-server-impl] network thread hitch warning: timer interval of 217 milliseconds
[ citizen-server-impl] sync thread hitch warning: timer interval of 117 milliseconds
[ citizen-server-impl] sync thread hitch warning: timer interval of 135 milliseconds
[ citizen-server-impl] sync thread hitch warning: timer interval of 127 milliseconds
[        script:vMenu] Instantiated instance of script vMenuServer.BanManager.
[ citizen-server-impl] sync thread hitch warning: timer interval of 129 milliseconds
[ citizen-server-impl] sync thread hitch warning: timer interval of 136 milliseconds
[        script:vMenu] Instantiated instance of script vMenuServer.MainServer.
[           resources] Started resource vMenu
[ citizen-server-impl] sync thread hitch warning: timer interval of 174 milliseconds
[ citizen-server-impl] network thread hitch warning: timer interval of 175 milliseconds
[ citizen-server-impl] sync thread hitch warning: timer interval of 918 milliseconds
[ citizen-server-impl] network thread hitch warning: timer interval of 983 milliseconds
[ citizen-server-impl] sync thread hitch warning: timer interval of 704 milliseconds
[ citizen-server-impl] network thread hitch warning: timer interval of 656 milliseconds
[ citizen-server-impl] sync thread hitch warning: timer interval of 292 milliseconds
[ citizen-server-impl] network thread hitch warning: timer interval of 311 milliseconds
[           resources] Started resource z-loadscreen
[ citizen-server-impl] sync thread hitch warning: timer interval of 126 milliseconds
[ citizen-server-impl] network thread hitch warning: timer interval of 176 milliseconds
[ citizen-server-impl] server thread hitch warning: timer interval of 207 milliseconds
[ citizen-server-impl] sync thread hitch warning: timer interval of 286 milliseconds
[ citizen-server-impl] network thread hitch warning: timer interval of 297 milliseconds
[ citizen-server-impl] sync thread hitch warning: timer interval of 235 milliseconds
[ citizen-server-impl] sync thread hitch warning: timer interval of 114 milliseconds
[ citizen-server-impl] sync thread hitch warning: timer interval of 118 milliseconds
[ citizen-server-impl] sync thread hitch warning: timer interval of 163 milliseconds
[   script:mapmanager] Started map fivem-map-skater
[           resources] Started resource fivem-map-skater
[   script:ServerSync] [ServerSync] initialized.
[   script:ServerSync] [CBPS Menu] No saved races found, starting fresh
[ citizen-server-impl] server thread hitch warning: timer interval of 1097 milliseconds
[ citizen-server-impl]         fff                          
[ citizen-server-impl]   cccc ff   xx  xx     rr rr    eee  
[ citizen-server-impl] cc     ffff   xx       rrr  r ee   e 
[ citizen-server-impl] cc     ff     xx   ... rr     eeeee  
[ citizen-server-impl]  ccccc ff   xx  xx ... rr      eeeee 
[ citizen-server-impl]                                      
[ citizen-server-impl] Authenticated with cfx.re Nucleus: https://mcpeaps-hd-lkvx57.users.cfx.re/
[ citizen-server-impl] sync thread hitch warning: timer interval of 127 milliseconds
[ citizen-server-impl] server thread hitch warning: timer interval of 155 milliseconds
[ citizen-server-impl] sync thread hitch warning: timer interval of 159 milliseconds
[ citizen-server-impl] server thread hitch warning: timer interval of 205 milliseconds
[script:fivem-cbps-me] [CBPS Menu] Server defaults loaded from file
[ citizen-server-impl] server thread hitch warning: timer interval of 185 milliseconds
[ citizen-server-impl] sync thread hitch warning: timer interval of 106 milliseconds
[ citizen-server-impl] sync thread hitch warning: timer interval of 116 milliseconds
[ citizen-server-impl] sync thread hitch warning: timer interval of 137 milliseconds
[ citizen-server-impl] server thread hitch warning: timer interval of 208 milliseconds
[ citizen-server-impl] sync thread hitch warning: timer interval of 153 milliseconds
[ citizen-server-impl] network thread hitch warning: timer interval of 152 milliseconds
[ citizen-server-impl] server thread hitch warning: timer interval of 161 milliseconds
[ citizen-server-impl] sync thread hitch warning: timer interval of 147 milliseconds
[ citizen-server-impl] server thread hitch warning: timer interval of 190 milliseconds
[ citizen-server-impl] server thread hitch warning: timer interval of 219 milliseconds
[ citizen-server-impl] sync thread hitch warning: timer interval of 170 milliseconds
[ citizen-server-impl] network thread hitch warning: timer interval of 170 milliseconds
[ citizen-server-impl] sync thread hitch warning: timer interval of 186 milliseconds
[ citizen-server-impl] network thread hitch warning: timer interval of 186 milliseconds
[ citizen-server-impl] server thread hitch warning: timer interval of 203 milliseconds
[ citizen-server-impl] sync thread hitch warning: timer interval of 110 milliseconds
[ citizen-server-impl] server thread hitch warning: timer interval of 178 milliseconds
[    script:pma-voice] [WARNING] It's recommended to have 'voice_useSendingRangeOnly' set to false, you can do that with 'setr voice_useSendingRangeOnly false', this makes clients ignore the position information sent from the client.
[ citizen-server-impl] server thread hitch warning: timer interval of 153 milliseconds
[ citizen-server-impl] server thread hitch warning: timer interval of 225 milliseconds
[ citizen-server-impl] server thread hitch warning: timer interval of 160 milliseconds
[ citizen-server-impl] sync thread hitch warning: timer interval of 141 milliseconds
[ citizen-server-impl] server thread hitch warning: timer interval of 263 milliseconds
[ citizen-server-impl] sync thread hitch warning: timer interval of 212 milliseconds
[ citizen-server-impl] network thread hitch warning: timer interval of 210 milliseconds
[ citizen-server-impl] sync thread hitch warning: timer interval of 107 milliseconds
[ citizen-server-impl] sync thread hitch warning: timer interval of 168 milliseconds
[ citizen-server-impl] network thread hitch warning: timer interval of 178 milliseconds
[ citizen-server-impl] server thread hitch warning: timer interval of 226 milliseconds
[ citizen-server-impl] sync thread hitch warning: timer interval of 124 milliseconds
[ citizen-server-impl] sync thread hitch warning: timer interval of 138 milliseconds
[ citizen-server-impl] server thread hitch warning: timer interval of 188 milliseconds
[ citizen-server-impl] sync thread hitch warning: timer interval of 130 milliseconds
[ citizen-server-impl] server thread hitch warning: timer interval of 445 milliseconds
[ citizen-server-impl] server thread hitch warning: timer interval of 215 milliseconds
[ citizen-server-impl] sync thread hitch warning: timer interval of 117 milliseconds
[ citizen-server-impl] sync thread hitch warning: timer interval of 155 milliseconds
[ citizen-server-impl] network thread hitch warning: timer interval of 157 milliseconds
[ citizen-server-impl] server thread hitch warning: timer interval of 252 milliseconds
[ citizen-server-impl] sync thread hitch warning: timer interval of 188 milliseconds
[ citizen-server-impl] network thread hitch warning: timer interval of 186 milliseconds
[ citizen-server-impl] sync thread hitch warning: timer interval of 123 milliseconds
[ citizen-server-impl] server thread hitch warning: timer interval of 201 milliseconds
[ citizen-server-impl] sync thread hitch warning: timer interval of 134 milliseconds
[ citizen-server-impl] sync thread hitch warning: timer interval of 116 milliseconds
[ citizen-server-impl] server thread hitch warning: timer interval of 158 milliseconds
[ citizen-server-impl] sync thread hitch warning: timer interval of 140 milliseconds
[ citizen-server-impl] sync thread hitch warning: timer interval of 152 milliseconds
[ citizen-server-impl] server thread hitch warning: timer interval of 211 milliseconds
[script:fivem-cbps-me] [CBPS Menu] Player mcpeaps_HD connecting...
[      script:hardcap] Connecting: mcpeaps_HD
[ citizen-server-impl] server thread hitch warning: timer interval of 301 milliseconds
[ citizen-server-impl] server thread hitch warning: timer interval of 233 milliseconds
[ citizen-server-impl] sync thread hitch warning: timer interval of 212 milliseconds
[ citizen-server-impl] network thread hitch warning: timer interval of 212 milliseconds
[ citizen-server-impl] sync thread hitch warning: timer interval of 790 milliseconds
[ citizen-server-impl] network thread hitch warning: timer interval of 789 milliseconds
[ citizen-server-impl] server thread hitch warning: timer interval of 832 milliseconds
[ citizen-server-impl] server thread hitch warning: timer interval of 248 milliseconds
[ citizen-server-impl] sync thread hitch warning: timer interval of 289 milliseconds
[ citizen-server-impl] sync thread hitch warning: timer interval of 106 milliseconds
[ citizen-server-impl] sync thread hitch warning: timer interval of 159 milliseconds
[ citizen-server-impl] server thread hitch warning: timer interval of 179 milliseconds
[ citizen-server-impl] sync thread hitch warning: timer interval of 120 milliseconds
[ citizen-server-impl] sync thread hitch warning: timer interval of 193 milliseconds
[ citizen-server-impl] server thread hitch warning: timer interval of 232 milliseconds
[ citizen-server-impl] server thread hitch warning: timer interval of 231 milliseconds
[ citizen-server-impl] network thread hitch warning: timer interval of 281 milliseconds
[ citizen-server-impl] network thread hitch warning: timer interval of 169 milliseconds
[ citizen-server-impl] server thread hitch warning: timer interval of 205 milliseconds
[ citizen-server-impl] network thread hitch warning: timer interval of 159 milliseconds
[ citizen-server-impl] server thread hitch warning: timer interval of 1559 milliseconds
[ citizen-server-impl] sync thread hitch warning: timer interval of 228 milliseconds
[ citizen-server-impl] server thread hitch warning: timer interval of 297 milliseconds
[ citizen-server-impl] sync thread hitch warning: timer interval of 149 milliseconds
[ citizen-server-impl] server thread hitch warning: timer interval of 167 milliseconds
[ citizen-server-impl] sync thread hitch warning: timer interval of 218 milliseconds
[ citizen-server-impl] sync thread hitch warning: timer interval of 114 milliseconds
[ citizen-server-impl] sync thread hitch warning: timer interval of 354 milliseconds
[ citizen-server-impl] server thread hitch warning: timer interval of 299 milliseconds
[ citizen-server-impl] Server list query returned an error: server request failed: server request failed for endpoint https://95.91.242.117:30120/info.json (Get "https://95.91.242.117:30120/info.json": read tcp 10.0.9.33:55428->95.91.242.117:30120: read: connection reset by peer)
[ citizen-server-impl] sync thread hitch warning: timer interval of 147 milliseconds
[ citizen-server-impl] server thread hitch warning: timer interval of 152 milliseconds
[ citizen-server-impl] sync thread hitch warning: timer interval of 143 milliseconds
[ citizen-server-impl] server thread hitch warning: timer interval of 199 milliseconds
[ citizen-server-impl] server thread hitch warning: timer interval of 154 milliseconds
[ citizen-server-impl] sync thread hitch warning: timer interval of 155 milliseconds
[ citizen-server-impl] server thread hitch warning: timer interval of 1314 milliseconds
[ citizen-server-impl] Server list query returned an error: server request failed: server request failed for endpoint https://95.91.242.117:30120/info.json (Get "https://95.91.242.117:30120/info.json": read tcp 10.0.9.33:55428->95.91.242.117:30120: read: connection reset by peer)
║             TXADMIN║ txaReportResources 
[      script:monitor] [txAdmin] Sending resources list to txAdmin.
[ citizen-server-impl] sync thread hitch warning: timer interval of 104 milliseconds
[ citizen-server-impl] server thread hitch warning: timer interval of 177 milliseconds
[ citizen-server-impl] server thread hitch warning: timer interval of 180 milliseconds
[ citizen-server-impl] Server list query returned an error: server request failed: server request failed for endpoint https://95.91.242.117:30120/players.json (Get "https://95.91.242.117:30120/players.json": read tcp 10.0.5.117:52208->95.91.242.117:30120: read: connection reset by peer)
[ citizen-server-impl] Server list query returned an error: server request failed: server request failed for endpoint https://95.91.242.117:30120/players.json (Get "https://95.91.242.117:30120/players.json": read tcp 10.0.5.118:35062->95.91.242.117:30120: read: connection reset by peer)
[ citizen-server-impl] Server list query returned an error: server request failed: server request failed for endpoint https://95.91.242.117:30120/dynamic.json (Get "https://95.91.242.117:30120/dynamic.json": read tcp 10.0.12.30:60740->95.91.242.117:30120: read: connection reset by peer)
[ citizen-server-impl] Server list query returned an error: server request failed: server request failed for endpoint https://95.91.242.117:30120/dynamic.json (Get "https://95.91.242.117:30120/dynamic.json": read tcp 10.0.6.21:51854->95.91.242.117:30120: read: connection reset by peer)
[ citizen-server-impl] Server list query returned an error: server request failed: server request failed for endpoint https://95.91.242.117:30120/info.json (Get "https://95.91.242.117:30120/info.json": read tcp 10.0.9.33:49530->95.91.242.117:30120: read: connection reset by peer)
[ citizen-server-impl] Server list query returned an error: server request failed: server request failed for endpoint https://95.91.242.117:30120/dynamic.json (Get "https://95.91.242.117:30120/dynamic.json": read tcp 10.0.5.118:43682->95.91.242.117:30120: read: connection reset by peer)
[ citizen-server-impl] Server list query returned an error: server request failed: server request failed for endpoint https://95.91.242.117:30120/players.json (Get "https://95.91.242.117:30120/players.json": read tcp 10.0.5.117:47886->95.91.242.117:30120: read: connection reset by peer)
[ citizen-server-impl] Server list query returned an error: server request failed: server request failed for endpoint https://95.91.242.117:30120/players.json (Get "https://95.91.242.117:30120/players.json": read tcp 10.0.12.30:35206->95.91.242.117:30120: read: connection reset by peer)
[ citizen-server-impl] Server list query returned an error: server request failed: server request failed for endpoint https://95.91.242.117:30120/info.json (Get "https://95.91.242.117:30120/info.json": read tcp 10.0.9.33:56360->95.91.242.117:30120: read: connection reset by peer)
[ citizen-server-impl] server thread hitch warning: timer interval of 166 milliseconds
[ citizen-server-impl] Server list query returned an error: server request failed: server request failed for endpoint https://95.91.242.117:30120/players.json (Get "https://95.91.242.117:30120/players.json": read tcp 10.0.5.118:48500->95.91.242.117:30120: read: connection reset by peer)
[ citizen-server-impl] Server list query returned an error: server request failed: server request failed for endpoint https://95.91.242.117:30120/info.json (Get "https://95.91.242.117:30120/info.json": read tcp 10.0.12.29:56262->95.91.242.117:30120: read: connection reset by peer)
[ citizen-server-impl] Server list query returned an error: server request failed: server request failed for endpoint https://95.91.242.117:30120/players.json (Get "https://95.91.242.117:30120/players.json": read tcp 10.0.6.21:34630->95.91.242.117:30120: read: connection reset by peer)
[ citizen-server-impl] Server list query returned an error: server request failed: server request failed for endpoint https://95.91.242.117:30120/players.json (Get "https://95.91.242.117:30120/players.json": read tcp 10.0.12.30:45590->95.91.242.117:30120: read: connection reset by peer)
[ citizen-server-impl] server thread hitch warning: timer interval of 337 milliseconds
[ citizen-server-impl] sync thread hitch warning: timer interval of 107 milliseconds
[ citizen-server-impl] Server list query returned an error: server request failed: server request failed for endpoint https://95.91.242.117:30120/dynamic.json (Get "https://95.91.242.117:30120/dynamic.json": read tcp 10.0.5.118:58304->95.91.242.117:30120: read: connection reset by peer)
[ citizen-server-impl] Server list query returned an error: server request failed: server request failed for endpoint https://95.91.242.117:30120/dynamic.json (Get "https://95.91.242.117:30120/dynamic.json": read tcp 10.0.2.48:51504->95.91.242.117:30120: read: connection reset by peer)
[ citizen-server-impl] server thread hitch warning: timer interval of 151 milliseconds
[ citizen-server-impl] sync thread hitch warning: timer interval of 118 milliseconds
[ citizen-server-impl] sync thread hitch warning: timer interval of 118 milliseconds
║             TXADMIN║ txaEvent "serverShuttingDown" "{\"delay\":5000,\"author\":\"mcpeaps_HD\",\"message\":\"Server wird heruntergefahren (admin request).\"}"
[      script:monitor] [txAdmin] Server shutting down. Kicking all players.
[script:fivem-cbps-me] [CBPS Menu] Player dropped: [txAdmin] Server wird heruntergefahren (admin request).
[ citizen-server-impl] server thread hitch warning: timer interval of 442 milliseconds
[ citizen-server-impl] server thread hitch warning: timer interval of 266 milliseconds
[ citizen-server-impl] sync thread hitch warning: timer interval of 432 milliseconds
[ citizen-server-impl] server thread hitch warning: timer interval of 349 milliseconds
[ citizen-server-impl] sync thread hitch warning: timer interval of 188 milliseconds
[ citizen-server-impl] server thread hitch warning: timer interval of 201 milliseconds
[ citizen-server-impl] sync thread hitch warning: timer interval of 184 milliseconds
[ citizen-server-impl] sync thread hitch warning: timer interval of 122 milliseconds
[ citizen-server-impl] server thread hitch warning: timer interval of 167 milliseconds
[ citizen-server-impl] server thread hitch warning: timer interval of 183 milliseconds
[ citizen-server-impl] server thread hitch warning: timer interval of 166 milliseconds
[ citizen-server-impl] server thread hitch warning: timer interval of 152 milliseconds
[ citizen-server-impl] server thread hitch warning: timer interval of 311 milliseconds
[ citizen-server-impl] network thread hitch warning: timer interval of 183 milliseconds
[ citizen-server-impl] server thread hitch warning: timer interval of 255 milliseconds
║             TXADMIN║ ================================================================
║             TXADMIN║ ======== [8452] FXServer Starting - 04/02/2026, 11:56:06        
║             TXADMIN║ ================================================================
[           resources] Scanning resources.
[ citizen-server-impl] network thread hitch warning: timer interval of 290 milliseconds
[ citizen-server-impl] network thread hitch warning: timer interval of 215 milliseconds
[ citizen-server-impl] network thread hitch warning: timer interval of 357 milliseconds
[ citizen-server-impl] sync thread hitch warning: timer interval of 322 milliseconds
[ citizen-server-impl] network thread hitch warning: timer interval of 193 milliseconds
[ citizen-server-impl] network thread hitch warning: timer interval of 169 milliseconds
[ citizen-server-impl] sync thread hitch warning: timer interval of 117 milliseconds
[ citizen-server-impl] sync thread hitch warning: timer interval of 228 milliseconds
[ citizen-server-impl] network thread hitch warning: timer interval of 269 milliseconds
WARNING: spooner has not been configured. Please edit fxmanifest.lua and set the gameName variable.
[   resources:[plane}] Warning: [plane} does not have a resource manifest (fxmanifest.lua)
[ resources:FivemCity] Warning: FivemCity does not have a resource manifest (fxmanifest.lua)
[   resources:Impound] Warning: Impound does not have a resource manifest (fxmanifest.lua)
[resources:policestat] Warning: policestation does not have a resource manifest (fxmanifest.lua)
[ resources:slingshot] Warning: slingshot does not have a resource manifest (fxmanifest.lua)
[resources:tesla-mode] Warning: tesla-model-3 does not have a resource manifest (fxmanifest.lua)
[   resources:villa23] Warning: villa23 does not have a resource manifest (fxmanifest.lua)
[resources:AstonMarti] Warning: AstonMartinVanquish has an outdated manifest (__resource.lua instead of fxmanifest.lua)
[ resources:NissanGTR] Warning: NissanGTR has an outdated manifest (__resource.lua instead of fxmanifest.lua)
[resources:BugattiChi] Warning: BugattiChiron has an outdated manifest (__resource.lua instead of fxmanifest.lua)
[resources:Koenigsegg] Warning: KoenigseggAgeraR has an outdated manifest (__resource.lua instead of fxmanifest.lua)
[resources:FordMustan] Warning: FordMustangHoonicorn has an outdated manifest (__resource.lua instead of fxmanifest.lua)
[    resources:AudiA6] Warning: AudiA6 has an outdated manifest (__resource.lua instead of fxmanifest.lua)
[resources:AstonMarti] Warning: AstonMartinOne77 has an outdated manifest (__resource.lua instead of fxmanifest.lua)
[resources:ChevroletC] Warning: ChevroletCorvetteC7 has an outdated manifest (__resource.lua instead of fxmanifest.lua)
[    resources:AudiR8] Warning: AudiR8 has an outdated manifest (__resource.lua instead of fxmanifest.lua)
[resources:BentleyCon] Warning: BentleyContinentalGT has an outdated manifest (__resource.lua instead of fxmanifest.lua)
[  resources:BmwM3E30] Warning: BmwM3E30 has an outdated manifest (__resource.lua instead of fxmanifest.lua)
[resources:BugattiVey] Warning: BugattiVeyron has an outdated manifest (__resource.lua instead of fxmanifest.lua)
[resources:RollsRoyce] Warning: RollsRoycePhantom has an outdated manifest (__resource.lua instead of fxmanifest.lua)
[resources:ChevroletC] Warning: ChevroletChevelleSS454 has an outdated manifest (__resource.lua instead of fxmanifest.lua)
[resources:DodgeCharg] Warning: DodgeChargerSRT has an outdated manifest (__resource.lua instead of fxmanifest.lua)
[resources:DodgeViper] Warning: DodgeViperSRT has an outdated manifest (__resource.lua instead of fxmanifest.lua)
[resources:FerrariF12] Warning: FerrariF12 has an outdated manifest (__resource.lua instead of fxmanifest.lua)
[resources:FerrariF40] Warning: FerrariF40 has an outdated manifest (__resource.lua instead of fxmanifest.lua)
[resources:FerrariF80] Warning: FerrariF80 has an outdated manifest (__resource.lua instead of fxmanifest.lua)
[resources:FerrariLaF] Warning: FerrariLaFerrari has an outdated manifest (__resource.lua instead of fxmanifest.lua)
[  resources:HondaNSX] Warning: HondaNSX has an outdated manifest (__resource.lua instead of fxmanifest.lua)
[resources:FordGT2005] Warning: FordGT2005 has an outdated manifest (__resource.lua instead of fxmanifest.lua)
[resources:FordGT2017] Warning: FordGT2017 has an outdated manifest (__resource.lua instead of fxmanifest.lua)
[resources:FordMustan] Warning: FordMustangGT1965 has an outdated manifest (__resource.lua instead of fxmanifest.lua)
[resources:FordMustan] Warning: FordMustangGT2015 has an outdated manifest (__resource.lua instead of fxmanifest.lua)
[resources:HondaCivic] Warning: HondaCivicTypeR has an outdated manifest (__resource.lua instead of fxmanifest.lua)
[resources:Lamborghin] Warning: LamborghiniGallardoLP560 has an outdated manifest (__resource.lua instead of fxmanifest.lua)
[resources:MercedesC6] Warning: MercedesC63 has an outdated manifest (__resource.lua instead of fxmanifest.lua)
[resources:3DWaypoint] Warning: 3DWaypoint has an outdated manifest (__resource.lua instead of fxmanifest.lua)
[resources:MazdaRX7Ve] Warning: MazdaRX7Veilside has an outdated manifest (__resource.lua instead of fxmanifest.lua)
[ resources:McLarenF1] Warning: McLarenF1 has an outdated manifest (__resource.lua instead of fxmanifest.lua)
[ resources:McLarenP1] Warning: McLarenP1 has an outdated manifest (__resource.lua instead of fxmanifest.lua)
[resources:Mitsubishi] Warning: MitsubishiEvoIX has an outdated manifest (__resource.lua instead of fxmanifest.lua)
[resources:MercedesG6] Warning: MercedesG65 has an outdated manifest (__resource.lua instead of fxmanifest.lua)
[resources:MercedesSL] Warning: MercedesSLS has an outdated manifest (__resource.lua instead of fxmanifest.lua)
[resources:MiniCooper] Warning: MiniCooperS has an outdated manifest (__resource.lua instead of fxmanifest.lua)
[resources:Nissan370Z] Warning: Nissan370Z has an outdated manifest (__resource.lua instead of fxmanifest.lua)
[resources:NissanSkyl] Warning: NissanSkyline has an outdated manifest (__resource.lua instead of fxmanifest.lua)
[resources:Porsche918] Warning: Porsche918Spyder has an outdated manifest (__resource.lua instead of fxmanifest.lua)
[resources:PorscheCay] Warning: PorscheCayenneTurboS has an outdated manifest (__resource.lua instead of fxmanifest.lua)
[resources:PorscheGT2] Warning: PorscheGT2RS has an outdated manifest (__resource.lua instead of fxmanifest.lua)
[resources:ShelbyGT50] Warning: ShelbyGT500 has an outdated manifest (__resource.lua instead of fxmanifest.lua)
[resources:SubaruWRXS] Warning: SubaruWRXSTI has an outdated manifest (__resource.lua instead of fxmanifest.lua)
[resources:ToyotaSupr] Warning: ToyotaSupraJZA80 has an outdated manifest (__resource.lua instead of fxmanifest.lua)
[resources:VisualSett] Warning: VisualSettings has an outdated manifest (__resource.lua instead of fxmanifest.lua)
[resources:RealisticA] Warning: RealisticAirControl has an outdated manifest (__resource.lua instead of fxmanifest.lua)
[           resources] Found 249 resources.
[           resources] 53 warnings were encountered.
[          svadhesive] Authenticating server license key...
[          svadhesive] Server license key authentication succeeded. Welcome!
[ citizen-server-impl] sync thread hitch warning: timer interval of 335 milliseconds
[ citizen-server-impl] sync thread hitch warning: timer interval of 141 milliseconds
[    c-scripting-core] Creating script environments for monitor
[      script:monitor] [txAdmin] Resource v8.0.1 threads and commands set up. All Ready.
[           resources] Started resource monitor
[    c-scripting-core] Creating script environments for mapmanager
[ citizen-server-impl] sync thread hitch warning: timer interval of 108 milliseconds
[ citizen-server-impl] sync thread hitch warning: timer interval of 108 milliseconds
[ citizen-server-impl] sync thread hitch warning: timer interval of 112 milliseconds
[           resources] Started resource mapmanager
[    c-scripting-core] Creating script environments for chat
[ citizen-server-impl] sync thread hitch warning: timer interval of 153 milliseconds
[ citizen-server-impl] network thread hitch warning: timer interval of 163 milliseconds
[           resources] Started resource chat
[           resources] Started resource spawnmanager
[    c-scripting-core] Creating script environments for sessionmanager
[           resources] Started resource sessionmanager
[   script:mapmanager] Started gametype Freeroam
[           resources] Started resource basic-gamemode
[    c-scripting-core] Creating script environments for hardcap
[           resources] Started resource hardcap
[           resources] Started resource ipls_resource
[ citizen-server-impl] sync thread hitch warning: timer interval of 103 milliseconds
[ citizen-server-impl] sync thread hitch warning: timer interval of 124 milliseconds
[ citizen-server-impl] sync thread hitch warning: timer interval of 141 milliseconds
[ citizen-server-impl] sync thread hitch warning: timer interval of 143 milliseconds
[ citizen-server-impl] sync thread hitch warning: timer interval of 156 milliseconds
[ citizen-server-impl] network thread hitch warning: timer interval of 156 milliseconds
[ citizen-server-impl] sync thread hitch warning: timer interval of 112 milliseconds
[ citizen-server-impl] sync thread hitch warning: timer interval of 108 milliseconds
║             TXADMIN║ txaReportResources 
[ citizen-server-impl] sync thread hitch warning: timer interval of 116 milliseconds
[ citizen-server-impl] sync thread hitch warning: timer interval of 135 milliseconds
[ citizen-server-impl] sync thread hitch warning: timer interval of 155 milliseconds
[ citizen-server-impl] sync thread hitch warning: timer interval of 105 milliseconds
[ citizen-server-impl] sync thread hitch warning: timer interval of 137 milliseconds
[ citizen-server-impl] sync thread hitch warning: timer interval of 203 milliseconds
[ citizen-server-impl] sync thread hitch warning: timer interval of 136 milliseconds
[ citizen-server-impl] sync thread hitch warning: timer interval of 297 milliseconds
[resources:lakelouise] Asset lakelouise/Barrier.ydr uses 17.0 MiB of virtual memory.
[resources:lakelouise] Asset lakelouise/Road.ydr uses 20.0 MiB of virtual memory.
[resources:lakelouise] Asset lakelouise/lakelouise.ytd uses 34.9 MiB of physical memory.
[           resources] Started resource lakelouise (3 warnings)
[ citizen-server-impl] sync thread hitch warning: timer interval of 197 milliseconds
[ citizen-server-impl] sync thread hitch warning: timer interval of 172 milliseconds
[ citizen-server-impl] sync thread hitch warning: timer interval of 271 milliseconds
[ citizen-server-impl] sync thread hitch warning: timer interval of 176 milliseconds
[     resources:lapd6] Warning: could not find client_script `vehicle_names.lua` (defined in __resource.lua:18)
[     resources:lapd6] Warning: could not find file `vehiclelayouts.meta` (defined in __resource.lua:3)
[resources:lapd6:stre] Asset lapd6/lapd6.yft uses 17.5 MiB of virtual memory.
[resources:lapd6:stre] Asset lapd6/lapd6.ytd uses 49.0 MiB of physical memory. Oversized assets can and WILL lead to streaming issues (such as models not loading/rendering).
[resources:lapd6:stre] Asset lapd6/lapd6_hi.yft uses 17.5 MiB of virtual memory.
[           resources] Started resource lapd6 (5 warnings)
[ citizen-server-impl] sync thread hitch warning: timer interval of 117 milliseconds
[ citizen-server-impl] sync thread hitch warning: timer interval of 123 milliseconds
[ citizen-server-impl] sync thread hitch warning: timer interval of 251 milliseconds
[ citizen-server-impl] network thread hitch warning: timer interval of 250 milliseconds
[ citizen-server-impl] network thread hitch warning: timer interval of 153 milliseconds
[ citizen-server-impl] sync thread hitch warning: timer interval of 150 milliseconds
[ citizen-server-impl] sync thread hitch warning: timer interval of 102 milliseconds
[ citizen-server-impl] sync thread hitch warning: timer interval of 187 milliseconds
[ citizen-server-impl] network thread hitch warning: timer interval of 188 milliseconds
[ citizen-server-impl] sync thread hitch warning: timer interval of 122 milliseconds
[ citizen-server-impl] sync thread hitch warning: timer interval of 108 milliseconds
[ citizen-server-impl] sync thread hitch warning: timer interval of 111 milliseconds
[ citizen-server-impl] sync thread hitch warning: timer interval of 123 milliseconds
[ citizen-server-impl] network thread hitch warning: timer interval of 194 milliseconds
[ citizen-server-impl] sync thread hitch warning: timer interval of 189 milliseconds
[resources:mechanic-f] Warning: could not find file `peds.meta` (defined in fxmanifest.lua:4)
[resources:mechanic-f] Asset mechanic-f1/f1_r.ydr uses 32.0 MiB of virtual memory.
[resources:mechanic-f] Asset mechanic-f1/mc_txt.ytd uses 180.0 MiB of physical memory. Oversized assets can and WILL lead to streaming issues (such as models not loading/rendering).
[           resources] Started resource mechanic-f1 (3 warnings)
[ citizen-server-impl] network thread hitch warning: timer interval of 224 milliseconds
[ citizen-server-impl] sync thread hitch warning: timer interval of 224 milliseconds
[ citizen-server-impl] network thread hitch warning: timer interval of 165 milliseconds
[ citizen-server-impl] network thread hitch warning: timer interval of 152 milliseconds
[ citizen-server-impl] network thread hitch warning: timer interval of 222 milliseconds
[ citizen-server-impl] sync thread hitch warning: timer interval of 252 milliseconds
[ citizen-server-impl] sync thread hitch warning: timer interval of 120 milliseconds
[ citizen-server-impl] sync thread hitch warning: timer interval of 109 milliseconds
[ citizen-server-impl] sync thread hitch warning: timer interval of 127 milliseconds
[ citizen-server-impl] sync thread hitch warning: timer interval of 102 milliseconds
[ citizen-server-impl] sync thread hitch warning: timer interval of 130 milliseconds
[ citizen-server-impl] network thread hitch warning: timer interval of 262 milliseconds
[ citizen-server-impl] sync thread hitch warning: timer interval of 134 milliseconds
[ citizen-server-impl] sync thread hitch warning: timer interval of 102 milliseconds
[ citizen-server-impl] sync thread hitch warning: timer interval of 144 milliseconds
[ citizen-server-impl] sync thread hitch warning: timer interval of 189 milliseconds
[ citizen-server-impl] network thread hitch warning: timer interval of 185 milliseconds
[ citizen-server-impl] sync thread hitch warning: timer interval of 184 milliseconds
[ citizen-server-impl] network thread hitch warning: timer interval of 187 milliseconds
[ citizen-server-impl] sync thread hitch warning: timer interval of 142 milliseconds
[ citizen-server-impl] sync thread hitch warning: timer interval of 138 milliseconds
[ citizen-server-impl] sync thread hitch warning: timer interval of 169 milliseconds
[ citizen-server-impl] network thread hitch warning: timer interval of 168 milliseconds
[ citizen-server-impl] sync thread hitch warning: timer interval of 148 milliseconds
[ citizen-server-impl] sync thread hitch warning: timer interval of 145 milliseconds
[           resources] Started resource pillbox
[           resources] Started resource redmo-firestation-master
[           resources] Started resource dealer_map
[ citizen-server-impl] sync thread hitch warning: timer interval of 110 milliseconds
[           resources] Started resource hospital_map
[ citizen-server-impl] sync thread hitch warning: timer interval of 111 milliseconds
[ citizen-server-impl] sync thread hitch warning: timer interval of 165 milliseconds
[ citizen-server-impl] sync thread hitch warning: timer interval of 165 milliseconds
[ citizen-server-impl] sync thread hitch warning: timer interval of 160 milliseconds
[ citizen-server-impl] sync thread hitch warning: timer interval of 142 milliseconds
[           resources] Started resource prison_canteen
[ citizen-server-impl] sync thread hitch warning: timer interval of 163 milliseconds
[ citizen-server-impl] sync thread hitch warning: timer interval of 147 milliseconds
[ citizen-server-impl] sync thread hitch warning: timer interval of 116 milliseconds
[ citizen-server-impl] sync thread hitch warning: timer interval of 121 milliseconds
[resources:prison_mai] Asset prison_main/desertos_prison.ytd uses 30.5 MiB of physical memory.
[           resources] Started resource prison_main (1 warning)
[           resources] Started resource prison_meeting
[ citizen-server-impl] Couldn't find resource category [ui].
[           resources] Started resource pma-radio
[    c-scripting-core] Creating script environments for pma-voice
[           resources] Started resource pma-voice
[ citizen-server-impl] sync thread hitch warning: timer interval of 106 milliseconds
[           resources] Started resource 3DWaypoint
[    c-scripting-core] Creating script environments for Ricky-VinewoodSign
[ citizen-server-impl] sync thread hitch warning: timer interval of 128 milliseconds
[ citizen-server-impl] sync thread hitch warning: timer interval of 232 milliseconds
[ citizen-server-impl] network thread hitch warning: timer interval of 233 milliseconds
[ citizen-server-impl] sync thread hitch warning: timer interval of 148 milliseconds
[ citizen-server-impl] sync thread hitch warning: timer interval of 118 milliseconds
[ citizen-server-impl] sync thread hitch warning: timer interval of 182 milliseconds
[ citizen-server-impl] network thread hitch warning: timer interval of 183 milliseconds
[ citizen-server-impl] sync thread hitch warning: timer interval of 107 milliseconds
[ citizen-server-impl] network thread hitch warning: timer interval of 189 milliseconds
[ citizen-server-impl] sync thread hitch warning: timer interval of 136 milliseconds
[ citizen-server-impl] sync thread hitch warning: timer interval of 143 milliseconds
[script:Ricky-Vinewoo] [Ricky-VinewoodSign] Framework found: standalone
[           resources] Started resource Ricky-VinewoodSign
[    c-scripting-core] Creating script environments for ServerSync
[ citizen-server-impl] sync thread hitch warning: timer interval of 129 milliseconds
[ citizen-server-impl] sync thread hitch warning: timer interval of 186 milliseconds
[ citizen-server-impl] sync thread hitch warning: timer interval of 113 milliseconds
[ citizen-server-impl] sync thread hitch warning: timer interval of 106 milliseconds
[ citizen-server-impl] sync thread hitch warning: timer interval of 104 milliseconds
[ citizen-server-impl] sync thread hitch warning: timer interval of 116 milliseconds
[ citizen-server-impl] sync thread hitch warning: timer interval of 134 milliseconds
[ citizen-server-impl] network thread hitch warning: timer interval of 155 milliseconds
[ citizen-server-impl] sync thread hitch warning: timer interval of 215 milliseconds
[ citizen-server-impl] network thread hitch warning: timer interval of 217 milliseconds
[ citizen-server-impl] sync thread hitch warning: timer interval of 185 milliseconds
[ citizen-server-impl] network thread hitch warning: timer interval of 186 milliseconds
[ citizen-server-impl] network thread hitch warning: timer interval of 184 milliseconds
[ citizen-server-impl] sync thread hitch warning: timer interval of 184 milliseconds
[ citizen-server-impl] sync thread hitch warning: timer interval of 110 milliseconds
[ citizen-server-impl] sync thread hitch warning: timer interval of 130 milliseconds
[           resources] Started resource ServerSync
[           resources] Started resource VisualSettings
[    c-scripting-core] Creating script environments for aerial-tramway
[           resources] Started resource aerial-tramway
[ citizen-server-impl] sync thread hitch warning: timer interval of 133 milliseconds
[ citizen-server-impl] sync thread hitch warning: timer interval of 104 milliseconds
[ citizen-server-impl] network thread hitch warning: timer interval of 178 milliseconds
[ citizen-server-impl] sync thread hitch warning: timer interval of 103 milliseconds
[ citizen-server-impl] sync thread hitch warning: timer interval of 126 milliseconds
[ citizen-server-impl] sync thread hitch warning: timer interval of 121 milliseconds
[ citizen-server-impl] sync thread hitch warning: timer interval of 103 milliseconds
[ citizen-server-impl] sync thread hitch warning: timer interval of 149 milliseconds
[ citizen-server-impl] sync thread hitch warning: timer interval of 114 milliseconds
[ citizen-server-impl] sync thread hitch warning: timer interval of 104 milliseconds
[ citizen-server-impl] sync thread hitch warning: timer interval of 115 milliseconds
[ citizen-server-impl] sync thread hitch warning: timer interval of 148 milliseconds
[ citizen-server-impl] sync thread hitch warning: timer interval of 126 milliseconds
[ citizen-server-impl] sync thread hitch warning: timer interval of 159 milliseconds
[           resources] Started resource bob74_ipl
[    c-scripting-core] Creating script environments for fivem-cbps-menu
[ citizen-server-impl] sync thread hitch warning: timer interval of 123 milliseconds
[script:fivem-cbps-me] Could not load assembly Newtonsoft.Json - loading exceptions: Exception loading assembly Newtonsoft.Json: System.IO.FileNotFoundException: Unable to find the specified file.
[script:fivem-cbps-me] 
[script:fivem-cbps-me] 
[script:fivem-cbps-me] Server stack trace: 
[script:fivem-cbps-me]   at System.Runtime.InteropServices.Marshal.ThrowExceptionForHR (System.Int32 errorCode) [0x0000a] in <fbc4ec45371543bfba3678ebb82caf6d>:0 
[script:fivem-cbps-me]   at (wrapper cominterop) CitizenFX.Core.IScriptHost.OpenHostFile(string)
[script:fivem-cbps-me]   at (wrapper cominterop-invoke) CitizenFX.Core.IScriptHost.OpenHostFile(string)
[script:fivem-cbps-me]   at CitizenFX.Core.MonoScriptRuntime+WrapScriptHost.OpenHostFile (System.String fileName) [0x00000] in C:\gl\builds\cfx-fivem-2\code\client\clrcore\MonoScriptRuntime.cs:385 
[script:fivem-cbps-me]   at (wrapper remoting-invoke-with-check) CitizenFX.Core.MonoScriptRuntime+WrapScriptHost.OpenHostFile(string)
[script:fivem-cbps-me]   at (wrapper xdomain-dispatch) CitizenFX.Core.MonoScriptRuntime+WrapScriptHost.OpenHostFile(object,byte[]&,byte[]&,string)
[script:fivem-cbps-me] 
[script:fivem-cbps-me] Exception rethrown at [0]: 
[script:fivem-cbps-me]   at (wrapper xdomain-invoke) CitizenFX.Core.MonoScriptRuntime+WrapScriptHost.OpenHostFile(string)
[script:fivem-cbps-me]   at CitizenFX.Core.InternalManager.LoadAssemblyInternal (System.String baseName, System.Boolean useSearchPaths) [0x00075] in C:\gl\builds\cfx-fivem-2\code\client\clrcore\InternalManager.cs:212 
[script:fivem-cbps-me] 
[script:fivem-cbps-me] Failed to instantiate instance of script CBPSMenu.Server.ConfigManager: System.Reflection.TargetInvocationException: Exception has been thrown by the target of an invocation. ---> System.IO.FileNotFoundException: Could not load file or assembly 'Newtonsoft.Json, Version=13.0.0.0, Culture=neutral, PublicKeyToken=30ad4fe6b2a6aeed' or one of its dependencies.
[script:fivem-cbps-me]   at CBPSMenu.Server.ConfigManager..ctor () [0x00022] in <118ab38e704747d793af46b52dd0413b>:0 
[script:fivem-cbps-me]   at (wrapper managed-to-native) System.Reflection.RuntimeConstructorInfo.InternalInvoke(System.Reflection.RuntimeConstructorInfo,object,object[],System.Exception&)
[script:fivem-cbps-me]   at System.Reflection.RuntimeConstructorInfo.InternalInvoke (System.Object obj, System.Object[] parameters, System.Boolean wrapExceptions) [0x00005] in <fbc4ec45371543bfba3678ebb82caf6d>:0 
[script:fivem-cbps-me]    Exception_EndOfInnerExceptionStack
[script:fivem-cbps-me]   at System.Reflection.RuntimeConstructorInfo.InternalInvoke (System.Object obj, System.Object[] parameters, System.Boolean wrapExceptions) [0x0001a] in <fbc4ec45371543bfba3678ebb82caf6d>:0 
[script:fivem-cbps-me]   at System.RuntimeType.CreateInstanceMono (System.Boolean nonPublic, System.Boolean wrapExceptions) [0x00095] in <fbc4ec45371543bfba3678ebb82caf6d>:0 
[script:fivem-cbps-me]   at System.RuntimeType.CreateInstanceSlow (System.Boolean publicOnly, System.Boolean wrapExceptions, System.Boolean skipCheckThis, System.Boolean fillCache) [0x00009] in <fbc4ec45371543bfba3678ebb82caf6d>:0 
[script:fivem-cbps-me]   at System.RuntimeType.CreateInstanceDefaultCtor (System.Boolean publicOnly, System.Boolean skipCheckThis, System.Boolean fillCache, System.Boolean wrapExceptions, System.Threading.StackCrawlMark& stackMark) [0x00027] in <fbc4ec45371543bfba3678ebb82caf6d>:0 
[script:fivem-cbps-me]   at System.Activator.CreateInstance (System.Type type, System.Boolean nonPublic, System.Boolean wrapExceptions) [0x00020] in <fbc4ec45371543bfba3678ebb82caf6d>:0 
[script:fivem-cbps-me]   at System.Activator.CreateInstance (System.Type type, System.Boolean nonPublic) [0x00000] in <fbc4ec45371543bfba3678ebb82caf6d>:0 
[script:fivem-cbps-me]   at System.Activator.CreateInstance (System.Type type) [0x00000] in <fbc4ec45371543bfba3678ebb82caf6d>:0 
[script:fivem-cbps-me]   at CitizenFX.Core.InternalManager.CreateAssemblyInternal (System.String assemblyFile, System.Byte[] assemblyData, System.Byte[] symbolData) [0x0007b] in C:\gl\builds\cfx-fivem-2\code\client\clrcore\InternalManager.cs:156 
[script:fivem-cbps-me] Instantiated instance of script CBPSMenu.Server.PlayerManager.
[script:fivem-cbps-me] Failed to instantiate instance of script CBPSMenu.Server.RaceManager: System.Reflection.TargetInvocationException: Exception has been thrown by the target of an invocation. ---> System.IO.FileNotFoundException: Could not load file or assembly 'Newtonsoft.Json, Version=13.0.0.0, Culture=neutral, PublicKeyToken=30ad4fe6b2a6aeed' or one of its dependencies.
[script:fivem-cbps-me]   at CBPSMenu.Server.RaceManager..ctor () [0x0002e] in <118ab38e704747d793af46b52dd0413b>:0 
[script:fivem-cbps-me]   at (wrapper managed-to-native) System.Reflection.RuntimeConstructorInfo.InternalInvoke(System.Reflection.RuntimeConstructorInfo,object,object[],System.Exception&)
[script:fivem-cbps-me]   at System.Reflection.RuntimeConstructorInfo.InternalInvoke (System.Object obj, System.Object[] parameters, System.Boolean wrapExceptions) [0x00005] in <fbc4ec45371543bfba3678ebb82caf6d>:0 
[script:fivem-cbps-me]    Exception_EndOfInnerExceptionStack
[script:fivem-cbps-me]   at System.Reflection.RuntimeConstructorInfo.InternalInvoke (System.Object obj, System.Object[] parameters, System.Boolean wrapExceptions) [0x0001a] in <fbc4ec45371543bfba3678ebb82caf6d>:0 
[script:fivem-cbps-me]   at System.RuntimeType.CreateInstanceMono (System.Boolean nonPublic, System.Boolean wrapExceptions) [0x00095] in <fbc4ec45371543bfba3678ebb82caf6d>:0 
[script:fivem-cbps-me]   at System.RuntimeType.CreateInstanceSlow (System.Boolean publicOnly, System.Boolean wrapExceptions, System.Boolean skipCheckThis, System.Boolean fillCache) [0x00009] in <fbc4ec45371543bfba3678ebb82caf6d>:0 
[script:fivem-cbps-me]   at System.RuntimeType.CreateInstanceDefaultCtor (System.Boolean publicOnly, System.Boolean skipCheckThis, System.Boolean fillCache, System.Boolean wrapExceptions, System.Threading.StackCrawlMark& stackMark) [0x00027] in <fbc4ec45371543bfba3678ebb82caf6d>:0 
[script:fivem-cbps-me]   at System.Activator.CreateInstance (System.Type type, System.Boolean nonPublic, System.Boolean wrapExceptions) [0x00020] in <fbc4ec45371543bfba3678ebb82caf6d>:0 
[script:fivem-cbps-me]   at System.Activator.CreateInstance (System.Type type, System.Boolean nonPublic) [0x00000] in <fbc4ec45371543bfba3678ebb82caf6d>:0 
[script:fivem-cbps-me]   at System.Activator.CreateInstance (System.Type type) [0x00000] in <fbc4ec45371543bfba3678ebb82caf6d>:0 
[script:fivem-cbps-me]   at CitizenFX.Core.InternalManager.CreateAssemblyInternal (System.String assemblyFile, System.Byte[] assemblyData, System.Byte[] symbolData) [0x0007b] in C:\gl\builds\cfx-fivem-2\code\client\clrcore\InternalManager.cs:156 
[script:fivem-cbps-me] [CBPS Menu] Starting server...
[script:fivem-cbps-me] [CBPS Menu] Server started successfully!
[script:fivem-cbps-me] Instantiated instance of script CBPSMenu.Server.ServerMain.
[script:fivem-cbps-me] Instantiated instance of script CBPSMenu.Server.TeamManager.
[script:fivem-cbps-me] Instantiated instance of script CBPSMenu.Server.VehicleManager.
[script:fivem-cbps-me] [CBPS Menu] Voice Manager initialized
[script:fivem-cbps-me] Instantiated instance of script CBPSMenu.Server.VoiceManager.
[script:fivem-cbps-me] Instantiated instance of script CBPSMenu.Server.WeaponManager.
[resources:fivem-cbps] Warning: could not find file `Newtonsoft.Json.dll` (defined in fxmanifest.lua:18)
[           resources] Started resource fivem-cbps-menu (1 warning)
[ citizen-server-impl] sync thread hitch warning: timer interval of 107 milliseconds
[ citizen-server-impl] sync thread hitch warning: timer interval of 151 milliseconds
[           resources] Started resource mask-fix
[           resources] Warning: Resource spooner does not support the current game (gta5).
[ citizen-server-impl] Couldn't start resource spooner.
[ citizen-server-impl] network thread hitch warning: timer interval of 156 milliseconds
[ citizen-server-impl] sync thread hitch warning: timer interval of 191 milliseconds
[           resources] Started resource um-fpsbooster
[    c-scripting-core] Creating script environments for vMenu
[        script:vMenu] Instantiated instance of script vMenuServer.BanManager.
[ citizen-server-impl] network thread hitch warning: timer interval of 214 milliseconds
[ citizen-server-impl] network thread hitch warning: timer interval of 183 milliseconds
[ citizen-server-impl] sync thread hitch warning: timer interval of 180 milliseconds
[ citizen-server-impl] sync thread hitch warning: timer interval of 102 milliseconds
[ citizen-server-impl] sync thread hitch warning: timer interval of 245 milliseconds
[ citizen-server-impl] network thread hitch warning: timer interval of 297 milliseconds
[        script:vMenu] Instantiated instance of script vMenuServer.MainServer.
[           resources] Started resource vMenu
[ citizen-server-impl] sync thread hitch warning: timer interval of 127 milliseconds
[ citizen-server-impl] sync thread hitch warning: timer interval of 122 milliseconds
[           resources] Started resource z-loadscreen
[      script:monitor] [txAdmin] Sending resources list to txAdmin.
[   script:mapmanager] Started map fivem-map-skater
[           resources] Started resource fivem-map-skater
[   script:ServerSync] [ServerSync] initialized.
[   script:ServerSync] server thread hitch warning: timer interval of 557 milliseconds
[ citizen-server-impl]         fff                          
[ citizen-server-impl]   cccc ff   xx  xx     rr rr    eee  
[ citizen-server-impl] cc     ffff   xx       rrr  r ee   e 
[ citizen-server-impl] cc     ff     xx   ... rr     eeeee  
[ citizen-server-impl]  ccccc ff   xx  xx ... rr      eeeee 
[ citizen-server-impl]                                      
[ citizen-server-impl] Authenticated with cfx.re Nucleus: https://mcpeaps-hd-lkvx57.users.cfx.re/
[ citizen-server-impl] sync thread hitch warning: timer interval of 115 milliseconds
[ citizen-server-impl] sync thread hitch warning: timer interval of 104 milliseconds
[ citizen-server-impl] server thread hitch warning: timer interval of 181 milliseconds
[ citizen-server-impl] sync thread hitch warning: timer interval of 120 milliseconds
[ citizen-server-impl] network thread hitch warning: timer interval of 153 milliseconds
[ citizen-server-impl] server thread hitch warning: timer interval of 161 milliseconds
[    script:pma-voice] [WARNING] It's recommended to have 'voice_useSendingRangeOnly' set to false, you can do that with 'setr voice_useSendingRangeOnly false', this makes clients ignore the position information sent from the client.
[ citizen-server-impl] sync thread hitch warning: timer interval of 148 milliseconds
[ citizen-server-impl] server thread hitch warning: timer interval of 169 milliseconds
[ citizen-server-impl] sync thread hitch warning: timer interval of 106 milliseconds
[ citizen-server-impl] server thread hitch warning: timer interval of 185 milliseconds
[ citizen-server-impl] sync thread hitch warning: timer interval of 132 milliseconds
[ citizen-server-impl] server thread hitch warning: timer interval of 197 milliseconds
[ citizen-server-impl] server thread hitch warning: timer interval of 203 milliseconds
[ citizen-server-impl] sync thread hitch warning: timer interval of 112 milliseconds
[ citizen-server-impl] sync thread hitch warning: timer interval of 118 milliseconds
[ citizen-server-impl] server thread hitch warning: timer interval of 167 milliseconds
[ citizen-server-impl] server thread hitch warning: timer interval of 186 milliseconds
[ citizen-server-impl] sync thread hitch warning: timer interval of 133 milliseconds
[ citizen-server-impl] sync thread hitch warning: timer interval of 145 milliseconds
[ citizen-server-impl] server thread hitch warning: timer interval of 156 milliseconds
[ citizen-server-impl] sync thread hitch warning: timer interval of 149 milliseconds
[ citizen-server-impl] server thread hitch warning: timer interval of 153 milliseconds
[ citizen-server-impl] sync thread hitch warning: timer interval of 168 milliseconds
[ citizen-server-impl] server thread hitch warning: timer interval of 197 milliseconds
[ citizen-server-impl] sync thread hitch warning: timer interval of 171 milliseconds
[ citizen-server-impl] sync thread hitch warning: timer interval of 105 milliseconds
[ citizen-server-impl] server thread hitch warning: timer interval of 687 milliseconds
[ citizen-server-impl] sync thread hitch warning: timer interval of 121 milliseconds
[ citizen-server-impl] sync thread hitch warning: timer interval of 115 milliseconds
[ citizen-server-impl] network thread hitch warning: timer interval of 186 milliseconds
[ citizen-server-impl] sync thread hitch warning: timer interval of 179 milliseconds
[ citizen-server-impl] server thread hitch warning: timer interval of 179 milliseconds
[ citizen-server-impl] server thread hitch warning: timer interval of 158 milliseconds
[ citizen-server-impl] sync thread hitch warning: timer interval of 115 milliseconds
[ citizen-server-impl] server thread hitch warning: timer interval of 229 milliseconds
[ citizen-server-impl] sync thread hitch warning: timer interval of 170 milliseconds
[ citizen-server-impl] network thread hitch warning: timer interval of 176 milliseconds
[ citizen-server-impl] server thread hitch warning: timer interval of 223 milliseconds
[script:fivem-cbps-me] [CBPS Menu] Player mcpeaps_HD connecting...
[      script:hardcap] Connecting: mcpeaps_HD
[ citizen-server-impl] server thread hitch warning: timer interval of 1394 milliseconds
[ citizen-server-impl] server thread hitch warning: timer interval of 176 milliseconds
[ citizen-server-impl] network thread hitch warning: timer interval of 203 milliseconds
[38;5;73m[ citizen-server-impl] network thread hitch warning: timer interval of 175 milliseconds
[ citizen-server-impl] sync thread hitch warning: timer interval of 259 milliseconds
[ citizen-server-impl] network thread hitch warning: timer interval of 391 milliseconds
[ citizen-server-impl] server thread hitch warning: timer interval of 561 milliseconds
[ citizen-server-impl] sync thread hitch warning: timer interval of 200 milliseconds
[ citizen-server-impl] sync thread hitch warning: timer interval of 230 milliseconds
[ citizen-server-impl] server thread hitch warning: timer interval of 249 milliseconds
[ citizen-server-impl] sync thread hitch warning: timer interval of 200 milliseconds
[ citizen-server-impl] server thread hitch warning: timer interval of 330 milliseconds
[ citizen-server-impl] sync thread hitch warning: timer interval of 113 milliseconds
[ citizen-server-impl] sync thread hitch warning: timer interval of 210 milliseconds
[ citizen-server-impl] sync thread hitch warning: timer interval of 174 milliseconds
[ citizen-server-impl] sync thread hitch warning: timer interval of 164 milliseconds
[ citizen-server-impl] sync thread hitch warning: timer interval of 124 milliseconds
[ citizen-server-impl] server thread hitch warning: timer interval of 826 milliseconds
[ citizen-server-impl] server thread hitch warning: timer interval of 176 milliseconds
[ citizen-server-impl] network thread hitch warning: timer interval of 238 milliseconds
[ citizen-server-impl] server thread hitch warning: timer interval of 429 milliseconds
[ citizen-server-impl] network thread hitch warning: timer interval of 369 milliseconds
[ citizen-server-impl] server thread hitch warning: timer interval of 166 milliseconds
[ citizen-server-impl] network thread hitch warning: timer interval of 250 milliseconds
[ citizen-server-impl] server thread hitch warning: timer interval of 266 milliseconds
[ citizen-server-impl] network thread hitch warning: timer interval of 248 milliseconds
[ citizen-server-impl] server thread hitch warning: timer interval of 406 milliseconds
[ citizen-server-impl] server thread hitch warning: timer interval of 171 milliseconds
[ citizen-server-impl] sync thread hitch warning: timer interval of 274 milliseconds
[ citizen-server-impl] network thread hitch warning: timer interval of 211 milliseconds
[ citizen-server-impl] server thread hitch warning: timer interval of 305 milliseconds
[ citizen-server-impl] sync thread hitch warning: timer interval of 283 milliseconds
[ citizen-server-impl] sync thread hitch warning: timer interval of 242 milliseconds
[ citizen-server-impl] sync thread hitch warning: timer interval of 129 milliseconds
[ citizen-server-impl] sync thread hitch warning: timer interval of 133 milliseconds
[ citizen-server-impl] sync thread hitch warning: timer interval of 138 milliseconds
[ citizen-server-impl] sync thread hitch warning: timer interval of 124 milliseconds
[ citizen-server-impl] server thread hitch warning: timer interval of 1859 milliseconds
[ citizen-server-impl] sync thread hitch warning: timer interval of 307 milliseconds
[ citizen-server-impl] sync thread hitch warning: timer interval of 149 milliseconds
[ citizen-server-impl] server thread hitch warning: timer interval of 227 milliseconds
[ citizen-server-impl] sync thread hitch warning: timer interval of 194 milliseconds
[ citizen-server-impl] server thread hitch warning: timer interval of 162 milliseconds
[ citizen-server-impl] sync thread hitch warning: timer interval of 150 milliseconds
[ citizen-server-impl] Server list query returned an error: server request failed: server request failed for endpoint https://95.91.242.117:30120/players.json (Get "https://95.91.242.117:30120/players.json": read tcp 10.0.17.24:43506->95.91.242.117:30120: read: connection reset by peer)
[ citizen-server-impl] sync thread hitch warning: timer interval of 196 milliseconds
[ citizen-server-impl] server thread hitch warning: timer interval of 219 milliseconds
[ citizen-server-impl] sync thread hitch warning: timer interval of 103 milliseconds
[ citizen-server-impl] server thread hitch warning: timer interval of 212 milliseconds
[ citizen-server-impl] sync thread hitch warning: timer interval of 200 milliseconds
[ citizen-server-impl] server thread hitch warning: timer interval of 245 milliseconds
[ citizen-server-impl] sync thread hitch warning: timer interval of 161 milliseconds
[ citizen-server-impl] sync thread hitch warning: timer interval of 399 milliseconds
[ citizen-server-impl] server thread hitch warning: timer interval of 489 milliseconds
[ citizen-server-impl] sync thread hitch warning: timer interval of 116 milliseconds
[ citizen-server-impl] server thread hitch warning: timer interval of 409 milliseconds
[ citizen-server-impl] sync thread hitch warning: timer interval of 334 milliseconds
[ citizen-server-impl] sync thread hitch warning: timer interval of 255 milliseconds
[ citizen-server-impl] server thread hitch warning: timer interval of 289 milliseconds
[ citizen-server-impl] sync thread hitch warning: timer interval of 168 milliseconds
[ citizen-server-impl] server thread hitch warning: timer interval of 167 milliseconds
[ citizen-server-impl] server thread hitch warning: timer interval of 331 milliseconds
[ citizen-server-impl] server thread hitch warning: timer interval of 349 milliseconds
[ citizen-server-impl] server thread hitch warning: timer interval of 425 milliseconds
[ citizen-server-impl] server thread hitch warning: timer interval of 295 milliseconds
[ citizen-server-impl] sync thread hitch warning: timer interval of 262 milliseconds
[ citizen-server-impl] server thread hitch warning: timer interval of 181 milliseconds
[ citizen-server-impl] sync thread hitch warning: timer interval of 107 milliseconds
[ citizen-server-impl] server thread hitch warning: timer interval of 173 milliseconds
[ citizen-server-impl] sync thread hitch warning: timer interval of 151 milliseconds
[ citizen-server-impl] sync thread hitch warning: timer interval of 221 milliseconds
[ citizen-server-impl] server thread hitch warning: timer interval of 200 milliseconds
[ citizen-server-impl] server thread hitch warning: timer interval of 185 milliseconds
[ citizen-server-impl] server thread hitch warning: timer interval of 274 milliseconds
[ citizen-server-impl] Server list query returned an error: server request failed: server request failed for endpoint https://95.91.242.117:30120/players.json (Get "https://95.91.242.117:30120/players.json": read tcp 10.0.6.21:59040->95.91.242.117:30120: read: connection reset by peer)
[ citizen-server-impl] server thread hitch warning: timer interval of 159 milliseconds
[ citizen-server-impl] server thread hitch warning: timer interval of 262 milliseconds
[ citizen-server-impl] server thread hitch warning: timer interval of 239 milliseconds
[ citizen-server-impl] server thread hitch warning: timer interval of 389 milliseconds
[ citizen-server-impl] Server list query returned an error: server request failed: server request failed for endpoint https://95.91.242.117:30120/info.json (Get "https://95.91.242.117:30120/info.json": read tcp 10.0.6.21:52370->95.91.242.117:30120: read: connection reset by peer)
[ citizen-server-impl] Server list query returned an error: server request failed: server request failed for endpoint https://95.91.242.117:30120/info.json (Get "https://95.91.242.117:30120/info.json": read tcp 10.0.4.102:56128->95.91.242.117:30120: read: connection reset by peer)
[ citizen-server-impl] server thread hitch warning: timer interval of 361 milliseconds
[ citizen-server-impl] server thread hitch warning: timer interval of 302 milliseconds
[ citizen-server-impl] Server list query returned an error: server request failed: server request failed for endpoint https://95.91.242.117:30120/info.json (Get "https://95.91.242.117:30120/info.json": read tcp 10.0.4.102:38496->95.91.242.117:30120: read: connection reset by peer)
[ citizen-server-impl] server thread hitch warning: timer interval of 586 milliseconds
[ citizen-server-impl] sync thread hitch warning: timer interval of 194 milliseconds
[ citizen-server-impl] server thread hitch warning: timer interval of 297 milliseconds
[ citizen-server-impl] sync thread hitch warning: timer interval of 168 milliseconds
[ citizen-server-impl] sync thread hitch warning: timer interval of 231 milliseconds
[ citizen-server-impl] sync thread hitch warning: timer interval of 104 milliseconds
[ citizen-server-impl] sync thread hitch warning: timer interval of 122 milliseconds
[ citizen-server-impl] server thread hitch warning: timer interval of 188 milliseconds
[ citizen-server-impl] server thread hitch warning: timer interval of 347 milliseconds
[ citizen-server-impl] sync thread hitch warning: timer interval of 124 milliseconds
[ citizen-server-impl] server thread hitch warning: timer interval of 151 milliseconds
[ citizen-server-impl] server thread hitch warning: timer interval of 151 milliseconds
[ citizen-server-impl] sync thread hitch warning: timer interval of 133 milliseconds
[ citizen-server-impl] server thread hitch warning: timer interval of 154 milliseconds
[ citizen-server-impl] sync thread hitch warning: timer interval of 112 milliseconds
[ citizen-server-impl] server thread hitch warning: timer interval of 156 milliseconds
[ citizen-server-impl] sync thread hitch warning: timer interval of 144 milliseconds
[ citizen-server-impl] server thread hitch warning: timer interval of 176 milliseconds
[ citizen-server-impl] sync thread hitch warning: timer interval of 109 milliseconds
[ citizen-server-impl] sync thread hitch warning: timer interval of 328 milliseconds
[ citizen-server-impl] server thread hitch warning: timer interval of 362 milliseconds
[ citizen-server-impl] sync thread hitch warning: timer interval of 109 milliseconds
[ citizen-server-impl] sync thread hitch warning: timer interval of 126 milliseconds
[ citizen-server-impl] sync thread hitch warning: timer interval of 103 milliseconds
[ citizen-server-impl] server thread hitch warning: timer interval of 153 milliseconds
[ citizen-server-impl] server thread hitch warning: timer interval of 159 milliseconds
[ citizen-server-impl] sync thread hitch warning: timer interval of 109 milliseconds
[ citizen-server-impl] sync thread hitch warning: timer interval of 127 milliseconds
[ citizen-server-impl] server thread hitch warning: timer interval of 165 milliseconds
[ citizen-server-impl] sync thread hitch warning: timer interval of 134 milliseconds
[ citizen-server-impl] sync thread hitch warning: timer interval of 102 milliseconds
[ citizen-server-impl] sync thread hitch warning: timer interval of 134 milliseconds
[ citizen-server-impl] server thread hitch warning: timer interval of 161 milliseconds
[ citizen-server-impl] server thread hitch warning: timer interval of 177 milliseconds
[ citizen-server-impl] sync thread hitch warning: timer interval of 147 milliseconds
[ citizen-server-impl] sync thread hitch warning: timer interval of 473 milliseconds
[ citizen-server-impl] sync thread hitch warning: timer interval of 354 milliseconds
[ citizen-server-impl] server thread hitch warning: timer interval of 691 milliseconds
[ citizen-server-impl] sync thread hitch warning: timer interval of 645 milliseconds
[ citizen-server-impl] server thread hitch warning: timer interval of 888 milliseconds
[ citizen-server-impl] sync thread hitch warning: timer interval of 240 milliseconds
[ citizen-server-impl] server thread hitch warning: timer interval of 227 milliseconds
[ citizen-server-impl] sync thread hitch warning: timer interval of 147 milliseconds
[ citizen-server-impl] server thread hitch warning: timer interval of 162 milliseconds
[ citizen-server-impl] sync thread hitch warning: timer interval of 205 milliseconds
[ citizen-server-impl] server thread hitch warning: timer interval of 228 milliseconds
[ citizen-server-impl] sync thread hitch warning: timer interval of 120 milliseconds
[ citizen-server-impl] server thread hitch warning: timer interval of 200 milliseconds
[ citizen-server-impl] sync thread hitch warning: timer interval of 146 milliseconds
[ citizen-server-impl] sync thread hitch warning: timer interval of 110 milliseconds
[ citizen-server-impl] sync thread hitch warning: timer interval of 161 milliseconds
[ citizen-server-impl] server thread hitch warning: timer interval of 324 milliseconds
[ citizen-server-impl] sync thread hitch warning: timer interval of 233 milliseconds
[ citizen-server-impl] sync thread hitch warning: timer interval of 156 milliseconds
[ citizen-server-impl] server thread hitch warning: timer interval of 223 milliseconds
[ citizen-server-impl] sync thread hitch warning: timer interval of 142 milliseconds
[ citizen-server-impl] server thread hitch warning: timer interval of 187 milliseconds
[ citizen-server-impl] sync thread hitch warning: timer interval of 186 milliseconds
[ citizen-server-impl] sync thread hitch warning: timer interval of 109 milliseconds
[ citizen-server-impl] server thread hitch warning: timer interval of 207 milliseconds
[ citizen-server-impl] server thread hitch warning: timer interval of 186 milliseconds
[ citizen-server-impl] sync thread hitch warning: timer interval of 132 milliseconds
[ citizen-server-impl] server thread hitch warning: timer interval of 226 milliseconds
[ citizen-server-impl] sync thread hitch warning: timer interval of 117 milliseconds
[ citizen-server-impl] server thread hitch warning: timer interval of 170 milliseconds
[ citizen-server-impl] server thread hitch warning: timer interval of 181 milliseconds
[ citizen-server-impl] server thread hitch warning: timer interval of 251 milliseconds
[ citizen-server-impl] sync thread hitch warning: timer interval of 132 milliseconds
[ citizen-server-impl] server thread hitch warning: timer interval of 209 milliseconds
[ citizen-server-impl] sync thread hitch warning: timer interval of 188 milliseconds
[ citizen-server-impl] sync thread hitch warning: timer interval of 150 milliseconds
[ citizen-server-impl] server thread hitch warning: timer interval of 215 milliseconds
[ citizen-server-impl] server thread hitch warning: timer interval of 421 milliseconds
[ citizen-server-impl] sync thread hitch warning: timer interval of 221 milliseconds
[ citizen-server-impl] server thread hitch warning: timer interval of 278 milliseconds
[ citizen-server-impl] sync thread hitch warning: timer interval of 182 milliseconds
[ citizen-server-impl] server thread hitch warning: timer interval of 460 milliseconds
[ citizen-server-impl] sync thread hitch warning: timer interval of 424 milliseconds
[ citizen-server-impl] sync thread hitch warning: timer interval of 168 milliseconds
[ citizen-server-impl] server thread hitch warning: timer interval of 169 milliseconds
[ citizen-server-impl] server thread hitch warning: timer interval of 298 milliseconds
[ citizen-server-impl] sync thread hitch warning: timer interval of 106 milliseconds
[ citizen-server-impl] server thread hitch warning: timer interval of 163 milliseconds
[ citizen-server-impl] server thread hitch warning: timer interval of 273 milliseconds
[ citizen-server-impl] sync thread hitch warning: timer interval of 222 milliseconds
[ citizen-server-impl] server thread hitch warning: timer interval of 268 milliseconds
[ citizen-server-impl] sync thread hitch warning: timer interval of 186 milliseconds
[ citizen-server-impl] sync thread hitch warning: timer interval of 168 milliseconds
[ citizen-server-impl] server thread hitch warning: timer interval of 435 milliseconds
[ citizen-server-impl] sync thread hitch warning: timer interval of 215 milliseconds
[ citizen-server-impl] server thread hitch warning: timer interval of 171 milliseconds
[ citizen-server-impl] sync thread hitch warning: timer interval of 202 milliseconds
[ citizen-server-impl] server thread hitch warning: timer interval of 257 milliseconds
[ citizen-server-impl] sync thread hitch warning: timer interval of 178 milliseconds
[ citizen-server-impl] server thread hitch warning: timer interval of 166 milliseconds
[ citizen-server-impl] sync thread hitch warning: timer interval of 108 milliseconds
[ citizen-server-impl] server thread hitch warning: timer interval of 224 milliseconds
[ citizen-server-impl] sync thread hitch warning: timer interval of 118 milliseconds
[ citizen-server-impl] server thread hitch warning: timer interval of 267 milliseconds
[ citizen-server-impl] server thread hitch warning: timer interval of 171 milliseconds
[ citizen-server-impl] sync thread hitch warning: timer interval of 148 milliseconds
[ citizen-server-impl] sync thread hitch warning: timer interval of 138 milliseconds
[ citizen-server-impl] server thread hitch warning: timer interval of 1131 milliseconds
[ citizen-server-impl] server thread hitch warning: timer interval of 230 milliseconds
[ citizen-server-impl] server thread hitch warning: timer interval of 234 milliseconds
[ citizen-server-impl] sync thread hitch warning: timer interval of 110 milliseconds
[ citizen-server-impl] server thread hitch warning: timer interval of 233 milliseconds
[ citizen-server-impl] sync thread hitch warning: timer interval of 118 milliseconds
[ citizen-server-impl] server thread hitch warning: timer interval of 166 milliseconds
[ citizen-server-impl] sync thread hitch warning: timer interval of 114 milliseconds
[ citizen-server-impl] sync thread hitch warning: timer interval of 215 milliseconds
[ citizen-server-impl] server thread hitch warning: timer interval of 518 milliseconds
[ citizen-server-impl] server thread hitch warning: timer interval of 168 milliseconds
[ citizen-server-impl] server thread hitch warning: timer interval of 196 milliseconds
[ citizen-server-impl] sync thread hitch warning: timer interval of 102 milliseconds
[ citizen-server-impl] server thread hitch warning: timer interval of 188 milliseconds
[ citizen-server-impl] server thread hitch warning: timer interval of 153 milliseconds
[ citizen-server-impl] server thread hitch warning: timer interval of 218 milliseconds
[ citizen-server-impl] server thread hitch warning: timer interval of 248 milliseconds
[ citizen-server-impl] sync thread hitch warning: timer interval of 148 milliseconds
[ citizen-server-impl] server thread hitch warning: timer interval of 161 milliseconds
[ citizen-server-impl] sync thread hitch warning: timer interval of 131 milliseconds
[ citizen-server-impl] server thread hitch warning: timer interval of 303 milliseconds
[ citizen-server-impl] sync thread hitch warning: timer interval of 170 milliseconds
[ citizen-server-impl] sync thread hitch warning: timer interval of 101 milliseconds
[ citizen-server-impl] server thread hitch warning: timer interval of 166 milliseconds
[ citizen-server-impl] sync thread hitch warning: timer interval of 119 milliseconds
[ citizen-server-impl] server thread hitch warning: timer interval of 175 milliseconds
[ citizen-server-impl] server thread hitch warning: timer interval of 172 milliseconds
[ citizen-server-impl] server thread hitch warning: timer interval of 216 milliseconds
[ citizen-server-impl] sync thread hitch warning: timer interval of 103 milliseconds
[ citizen-server-impl] server thread hitch warning: timer interval of 219 milliseconds
[ citizen-server-impl] sync thread hitch warning: timer interval of 108 milliseconds
[ citizen-server-impl] sync thread hitch warning: timer interval of 248 milliseconds
[ citizen-server-impl] server thread hitch warning: timer interval of 342 milliseconds
[ citizen-server-impl] server thread hitch warning: timer interval of 186 milliseconds
[ citizen-server-impl] server thread hitch warning: timer interval of 165 milliseconds
[ citizen-server-impl] sync thread hitch warning: timer interval of 173 milliseconds
[ citizen-server-impl] sync thread hitch warning: timer interval of 128 milliseconds
[ citizen-server-impl] server thread hitch warning: timer interval of 604 milliseconds
[ citizen-server-impl] sync thread hitch warning: timer interval of 124 milliseconds
[ citizen-server-impl] sync thread hitch warning: timer interval of 101 milliseconds
[ citizen-server-impl] server thread hitch warning: timer interval of 436 milliseconds
[ citizen-server-impl] sync thread hitch warning: timer interval of 226 milliseconds
[ citizen-server-impl] sync thread hitch warning: timer interval of 104 milliseconds
[ citizen-server-impl] server thread hitch warning: timer interval of 194 milliseconds
[ citizen-server-impl] sync thread hitch warning: timer interval of 145 milliseconds
[ citizen-server-impl] server thread hitch warning: timer interval of 255 milliseconds
[ citizen-server-impl] server thread hitch warning: timer interval of 247 milliseconds
[ citizen-server-impl] sync thread hitch warning: timer interval of 111 milliseconds
[ citizen-server-impl] sync thread hitch warning: timer interval of 138 milliseconds
[ citizen-server-impl] server thread hitch warning: timer interval of 391 milliseconds
[ citizen-server-impl] server thread hitch warning: timer interval of 161 milliseconds
[ citizen-server-impl] server thread hitch warning: timer interval of 246 milliseconds
[ citizen-server-impl] sync thread hitch warning: timer interval of 182 milliseconds
[ citizen-server-impl] server thread hitch warning: timer interval of 206 milliseconds
[ citizen-server-impl] server thread hitch warning: timer interval of 181 milliseconds
[ citizen-server-impl] server thread hitch warning: timer interval of 234 milliseconds
[ citizen-server-impl] sync thread hitch warning: timer interval of 122 milliseconds
[ citizen-server-impl] server thread hitch warning: timer interval of 196 milliseconds
[ citizen-server-impl] sync thread hitch warning: timer interval of 187 milliseconds
[ citizen-server-impl] sync thread hitch warning: timer interval of 119 milliseconds
[ citizen-server-impl] sync thread hitch warning: timer interval of 170 milliseconds
[ citizen-server-impl] server thread hitch warning: timer interval of 187 milliseconds
[ citizen-server-impl] sync thread hitch warning: timer interval of 129 milliseconds
[ citizen-server-impl] sync thread hitch warning: timer interval of 138 milliseconds
[ citizen-server-impl] server thread hitch warning: timer interval of 154 milliseconds
[ citizen-server-impl] server thread hitch warning: timer interval of 173 milliseconds
[ citizen-server-impl] server thread hitch warning: timer interval of 180 milliseconds
[ citizen-server-impl] sync thread hitch warning: timer interval of 107 milliseconds
[ citizen-server-impl] sync thread hitch warning: timer interval of 331 milliseconds
[ citizen-server-impl] server thread hitch warning: timer interval of 454 milliseconds
[ citizen-server-impl] sync thread hitch warning: timer interval of 145 milliseconds
[ citizen-server-impl] server thread hitch warning: timer interval of 219 milliseconds
[ citizen-server-impl] sync thread hitch warning: timer interval of 122 milliseconds
[ citizen-server-impl] sync thread hitch warning: timer interval of 166 milliseconds
[ citizen-server-impl] sync thread hitch warning: timer interval of 105 milliseconds
[ citizen-server-impl] server thread hitch warning: timer interval of 441 milliseconds
[ citizen-server-impl] sync thread hitch warning: timer interval of 109 milliseconds
[ citizen-server-impl] server thread hitch warning: timer interval of 157 milliseconds
[ citizen-server-impl] sync thread hitch warning: timer interval of 362 milliseconds
[ citizen-server-impl] server thread hitch warning: timer interval of 560 milliseconds
[ citizen-server-impl] sync thread hitch warning: timer interval of 207 milliseconds
[ citizen-server-impl] sync thread hitch warning: timer interval of 227 milliseconds
[ citizen-server-impl] server thread hitch warning: timer interval of 389 milliseconds
[ citizen-server-impl] server thread hitch warning: timer interval of 167 milliseconds
[ citizen-server-impl] server thread hitch warning: timer interval of 203 milliseconds
[ citizen-server-impl] server thread hitch warning: timer interval of 168 milliseconds
[ citizen-server-impl] sync thread hitch warning: timer interval of 145 milliseconds
[ citizen-server-impl] server thread hitch warning: timer interval of 165 milliseconds
[ citizen-server-impl] sync thread hitch warning: timer interval of 130 milliseconds
[ citizen-server-impl] server thread hitch warning: timer interval of 268 milliseconds
[ citizen-server-impl] server thread hitch warning: timer interval of 230 milliseconds
[ citizen-server-impl] sync thread hitch warning: timer interval of 112 milliseconds
[ citizen-server-impl] server thread hitch warning: timer interval of 164 milliseconds
[ citizen-server-impl] sync thread hitch warning: timer interval of 113 milliseconds
[ citizen-server-impl] sync thread hitch warning: timer interval of 153 milliseconds
[ citizen-server-impl] server thread hitch warning: timer interval of 302 milliseconds
║             TXADMIN║ txaEvent "serverShuttingDown" "{\"delay\":5000,\"author\":\"mcpeaps_HD\",\"message\":\"Server Neustart (admin request).\"}"
[      script:monitor] [txAdmin] Server shutting down. Kicking all players.
[script:fivem-cbps-me] [CBPS Menu] Player dropped: [txAdmin] Server Neustart (admin request).
[ citizen-server-impl] server thread hitch warning: timer interval of 346 milliseconds
[ citizen-server-impl] Server list query returned an error: server request failed: server request failed for endpoint https://95.91.242.117:30120/players.json (Get "https://95.91.242.117:30120/players.json": read tcp 10.0.12.30:42598->95.91.242.117:30120: read: connection reset by peer)
[ citizen-server-impl] server thread hitch warning: timer interval of 153 milliseconds
[ citizen-server-impl] sync thread hitch warning: timer interval of 127 milliseconds
[ citizen-server-impl] server thread hitch warning: timer interval of 219 milliseconds
[ citizen-server-impl] sync thread hitch warning: timer interval of 146 milliseconds
[ citizen-server-impl] network thread hitch warning: timer interval of 162 milliseconds
[ citizen-server-impl] sync thread hitch warning: timer interval of 165 milliseconds
[ citizen-server-impl] server thread hitch warning: timer interval of 194 milliseconds
[ citizen-server-impl] network thread hitch warning: timer interval of 170 milliseconds
[ citizen-server-impl] sync thread hitch warning: timer interval of 173 milliseconds
[ citizen-server-impl] server thread hitch warning: timer interval of 199 milliseconds

║             TXADMIN║ ================================================================
║             TXADMIN║ ======== [15124] FXServer Starting - 04/02/2026, 12:22:53       
║             TXADMIN║ ================================================================
║             TXADMIN║ Restarting server: Server boot timed out (P:46s|HB:--|HC:--).
║             TXADMIN║ - No successful HeartBeat yet.
║             TXADMIN║ - No resource currently loading.
║             TXADMIN║ - No resource event received within the 30s limit.
║             TXADMIN║ txaEvent "serverShuttingDown" "{\"delay\":5000,\"author\":\"txAdmin\",\"message\":\"Server Neustart (der server muss neu gestartet werden, bitte verbinde dich erneut).\"}"

║             TXADMIN║ ================================================================
║             TXADMIN║ ======== [4192] FXServer Starting - 04/02/2026, 12:23:44        
║             TXADMIN║ ================================================================
WARNING: spooner has not been configured. Please edit fxmanifest.lua and set the gameName variable.
[           resources] Scanning resources.
[   resources:[plane}] Warning: [plane} does not have a resource manifest (fxmanifest.lua)
[ resources:FivemCity] Warning: FivemCity does not have a resource manifest (fxmanifest.lua)
[   resources:Impound] Warning: Impound does not have a resource manifest (fxmanifest.lua)
[resources:policestat] Warning: policestation does not have a resource manifest (fxmanifest.lua)
[ resources:slingshot] Warning: slingshot does not have a resource manifest (fxmanifest.lua)
[resources:tesla-mode] Warning: tesla-model-3 does not have a resource manifest (fxmanifest.lua)
[   resources:villa23] Warning: villa23 does not have a resource manifest (fxmanifest.lua)
[resources:AstonMarti] Warning: AstonMartinVanquish has an outdated manifest (__resource.lua instead of fxmanifest.lua)
[ resources:NissanGTR] Warning: NissanGTR has an outdated manifest (__resource.lua instead of fxmanifest.lua)
[resources:BugattiChi] Warning: BugattiChiron has an outdated manifest (__resource.lua instead of fxmanifest.lua)
[resources:Koenigsegg] Warning: KoenigseggAgeraR has an outdated manifest (__resource.lua instead of fxmanifest.lua)
[resources:FordMustan] Warning: FordMustangHoonicorn has an outdated manifest (__resource.lua instead of fxmanifest.lua)
[    resources:AudiA6] Warning: AudiA6 has an outdated manifest (__resource.lua instead of fxmanifest.lua)
[resources:AstonMarti] Warning: AstonMartinOne77 has an outdated manifest (__resource.lua instead of fxmanifest.lua)
[resources:ChevroletC] Warning: ChevroletCorvetteC7 has an outdated manifest (__resource.lua instead of fxmanifest.lua)
[    resources:AudiR8] Warning: AudiR8 has an outdated manifest (__resource.lua instead of fxmanifest.lua)
[resources:BentleyCon] Warning: BentleyContinentalGT has an outdated manifest (__resource.lua instead of fxmanifest.lua)
[  resources:BmwM3E30] Warning: BmwM3E30 has an outdated manifest (__resource.lua instead of fxmanifest.lua)
[resources:BugattiVey] Warning: BugattiVeyron has an outdated manifest (__resource.lua instead of fxmanifest.lua)
[resources:RollsRoyce] Warning: RollsRoycePhantom has an outdated manifest (__resource.lua instead of fxmanifest.lua)
[resources:ChevroletC] Warning: ChevroletChevelleSS454 has an outdated manifest (__resource.lua instead of fxmanifest.lua)
[resources:DodgeCharg] Warning: DodgeChargerSRT has an outdated manifest (__resource.lua instead of fxmanifest.lua)
[resources:DodgeViper] Warning: DodgeViperSRT has an outdated manifest (__resource.lua instead of fxmanifest.lua)
[resources:FerrariF12] Warning: FerrariF12 has an outdated manifest (__resource.lua instead of fxmanifest.lua)
[resources:FerrariF40] Warning: FerrariF40 has an outdated manifest (__resource.lua instead of fxmanifest.lua)
[resources:FerrariF80] Warning: FerrariF80 has an outdated manifest (__resource.lua instead of fxmanifest.lua)
[resources:FerrariLaF] Warning: FerrariLaFerrari has an outdated manifest (__resource.lua instead of fxmanifest.lua)
[  resources:HondaNSX] Warning: HondaNSX has an outdated manifest (__resource.lua instead of fxmanifest.lua)
[resources:FordGT2005] Warning: FordGT2005 has an outdated manifest (__resource.lua instead of fxmanifest.lua)
[resources:FordGT2017] Warning: FordGT2017 has an outdated manifest (__resource.lua instead of fxmanifest.lua)
[resources:FordMustan] Warning: FordMustangGT1965 has an outdated manifest (__resource.lua instead of fxmanifest.lua)
[resources:FordMustan] Warning: FordMustangGT2015 has an outdated manifest (__resource.lua instead of fxmanifest.lua)
[resources:HondaCivic] Warning: HondaCivicTypeR has an outdated manifest (__resource.lua instead of fxmanifest.lua)
[resources:Lamborghin] Warning: LamborghiniGallardoLP560 has an outdated manifest (__resource.lua instead of fxmanifest.lua)
[resources:MercedesC6] Warning: MercedesC63 has an outdated manifest (__resource.lua instead of fxmanifest.lua)
[resources:3DWaypoint] Warning: 3DWaypoint has an outdated manifest (__resource.lua instead of fxmanifest.lua)
[resources:MazdaRX7Ve] Warning: MazdaRX7Veilside has an outdated manifest (__resource.lua instead of fxmanifest.lua)
[ resources:McLarenF1] Warning: McLarenF1 has an outdated manifest (__resource.lua instead of fxmanifest.lua)
[ resources:McLarenP1] Warning: McLarenP1 has an outdated manifest (__resource.lua instead of fxmanifest.lua)
[resources:Mitsubishi] Warning: MitsubishiEvoIX has an outdated manifest (__resource.lua instead of fxmanifest.lua)
[resources:MercedesG6] Warning: MercedesG65 has an outdated manifest (__resource.lua instead of fxmanifest.lua)
[resources:MercedesSL] Warning: MercedesSLS has an outdated manifest (__resource.lua instead of fxmanifest.lua)
[resources:MiniCooper] Warning: MiniCooperS has an outdated manifest (__resource.lua instead of fxmanifest.lua)
[resources:Nissan370Z] Warning: Nissan370Z has an outdated manifest (__resource.lua instead of fxmanifest.lua)
[resources:NissanSkyl] Warning: NissanSkyline has an outdated manifest (__resource.lua instead of fxmanifest.lua)
[resources:Porsche918] Warning: Porsche918Spyder has an outdated manifest (__resource.lua instead of fxmanifest.lua)
[resources:PorscheCay] Warning: PorscheCayenneTurboS has an outdated manifest (__resource.lua instead of fxmanifest.lua)
[resources:PorscheGT2] Warning: PorscheGT2RS has an outdated manifest (__resource.lua instead of fxmanifest.lua)
[resources:ShelbyGT50] Warning: ShelbyGT500 has an outdated manifest (__resource.lua instead of fxmanifest.lua)
[resources:SubaruWRXS] Warning: SubaruWRXSTI has an outdated manifest (__resource.lua instead of fxmanifest.lua)
[resources:ToyotaSupr] Warning: ToyotaSupraJZA80 has an outdated manifest (__resource.lua instead of fxmanifest.lua)
[resources:VisualSett] Warning: VisualSettings has an outdated manifest (__resource.lua instead of fxmanifest.lua)
[resources:RealisticA] Warning: RealisticAirControl has an outdated manifest (__resource.lua instead of fxmanifest.lua)
[           resources] Found 249 resources.
[           resources] 53 warnings were encountered.
[          svadhesive] Authenticating server license key...
[          svadhesive] Server license key authentication succeeded. Welcome!
[    c-scripting-core] Creating script environments for monitor
[      script:monitor] [txAdmin] Resource v8.0.1 threads and commands set up. All Ready.
[ citizen-server-impl] sync thread hitch warning: timer interval of 119 milliseconds
[ citizen-server-impl] sync thread hitch warning: timer interval of 109 milliseconds
[           resources] Started resource monitor
[    c-scripting-core] Creating script environments for mapmanager
[           resources] Started resource mapmanager
[    c-scripting-core] Creating script environments for chat
[           resources] Started resource chat
[           resources] Started resource spawnmanager
[    c-scripting-core] Creating script environments for sessionmanager
[           resources] Started resource sessionmanager
[   script:mapmanager] Started gametype Freeroam
[           resources] Started resource basic-gamemode
[    c-scripting-core] Creating script environments for hardcap
[           resources] Started resource hardcap
[           resources] Started resource ipls_resource
[resources:lakelouise] Asset lakelouise/Barrier.ydr uses 17.0 MiB of virtual memory.
[resources:lakelouise] Asset lakelouise/Road.ydr uses 20.0 MiB of virtual memory.
[resources:lakelouise] Asset lakelouise/lakelouise.ytd uses 34.9 MiB of physical memory.
[           resources] Started resource lakelouise (3 warnings)
[     resources:lapd6] Warning: could not find client_script `vehicle_names.lua` (defined in __resource.lua:18)
[     resources:lapd6] Warning: could not find file `vehiclelayouts.meta` (defined in __resource.lua:3)
[resources:lapd6:stre] Asset lapd6/lapd6.yft uses 17.5 MiB of virtual memory.
[resources:lapd6:stre] Asset lapd6/lapd6.ytd uses 49.0 MiB of physical memory. Oversized assets can and WILL lead to streaming issues (such as models not loading/rendering).
[resources:lapd6:stre] Asset lapd6/lapd6_hi.yft uses 17.5 MiB of virtual memory.
[           resources] Started resource lapd6 (5 warnings)
[resources:mechanic-f] Warning: could not find file `peds.meta` (defined in fxmanifest.lua:4)
[resources:mechanic-f] Asset mechanic-f1/f1_r.ydr uses 32.0 MiB of virtual memory.
[resources:mechanic-f] Asset mechanic-f1/mc_txt.ytd uses 180.0 MiB of physical memory. Oversized assets can and WILL lead to streaming issues (such as models not loading/rendering).
[           resources] Started resource mechanic-f1 (3 warnings)
[           resources] Started resource pillbox
[           resources] Started resource redmo-firestation-master
[           resources] Started resource dealer_map
[           resources] Started resource hospital_map
[           resources] Started resource prison_canteen
[resources:prison_mai] Asset prison_main/desertos_prison.ytd uses 30.5 MiB of physical memory.
[           resources] Started resource prison_main (1 warning)
[           resources] Started resource prison_meeting
[ citizen-server-impl] Couldn't find resource category [ui].
[           resources] Started resource pma-radio
[    c-scripting-core] Creating script environments for pma-voice
[           resources] Started resource pma-voice
[           resources] Started resource 3DWaypoint
[    c-scripting-core] Creating script environments for Ricky-VinewoodSign
[script:Ricky-Vinewoo] [Ricky-VinewoodSign] Framework found: standalone
[           resources] Started resource Ricky-VinewoodSign
[    c-scripting-core] Creating script environments for ServerSync
[           resources] Started resource ServerSync
[           resources] Started resource VisualSettings
[    c-scripting-core] Creating script environments for aerial-tramway
[           resources] Started resource aerial-tramway
[           resources] Started resource bob74_ipl
[    c-scripting-core] Creating script environments for fivem-cbps-menu
[script:fivem-cbps-me] Could not load assembly Newtonsoft.Json - loading exceptions: Exception loading assembly Newtonsoft.Json: System.IO.FileNotFoundException: Unable to find the specified file.
[script:fivem-cbps-me] 
[script:fivem-cbps-me] 
[script:fivem-cbps-me] Server stack trace: 
[script:fivem-cbps-me]   at System.Runtime.InteropServices.Marshal.ThrowExceptionForHR (System.Int32 errorCode) [0x0000a] in <fbc4ec45371543bfba3678ebb82caf6d>:0 
[script:fivem-cbps-me]   at (wrapper cominterop) CitizenFX.Core.IScriptHost.OpenHostFile(string)
[script:fivem-cbps-me]   at (wrapper cominterop-invoke) CitizenFX.Core.IScriptHost.OpenHostFile(string)
[script:fivem-cbps-me]   at CitizenFX.Core.MonoScriptRuntime+WrapScriptHost.OpenHostFile (System.String fileName) [0x00000] in C:\gl\builds\cfx-fivem-2\code\client\clrcore\MonoScriptRuntime.cs:385 
[script:fivem-cbps-me]   at (wrapper remoting-invoke-with-check) CitizenFX.Core.MonoScriptRuntime+WrapScriptHost.OpenHostFile(string)
[script:fivem-cbps-me]   at (wrapper xdomain-dispatch) CitizenFX.Core.MonoScriptRuntime+WrapScriptHost.OpenHostFile(object,byte[]&,byte[]&,string)
[script:fivem-cbps-me] 
[script:fivem-cbps-me] Exception rethrown at [0]: 
[script:fivem-cbps-me]   at (wrapper xdomain-invoke) CitizenFX.Core.MonoScriptRuntime+WrapScriptHost.OpenHostFile(string)
[script:fivem-cbps-me]   at CitizenFX.Core.InternalManager.LoadAssemblyInternal (System.String baseName, System.Boolean useSearchPaths) [0x00075] in C:\gl\builds\cfx-fivem-2\code\client\clrcore\InternalManager.cs:212 
[script:fivem-cbps-me] 
[script:fivem-cbps-me] Failed to instantiate instance of script CBPSMenu.Server.ConfigManager: System.Reflection.TargetInvocationException: Exception has been thrown by the target of an invocation. ---> System.IO.FileNotFoundException: Could not load file or assembly 'Newtonsoft.Json, Version=13.0.0.0, Culture=neutral, PublicKeyToken=30ad4fe6b2a6aeed' or one of its dependencies.
[script:fivem-cbps-me]   at CBPSMenu.Server.ConfigManager..ctor () [0x00022] in <047b9f422c744f03a88ece1dd63b319a>:0 
[script:fivem-cbps-me]   at (wrapper managed-to-native) System.Reflection.RuntimeConstructorInfo.InternalInvoke(System.Reflection.RuntimeConstructorInfo,object,object[],System.Exception&)
[script:fivem-cbps-me]   at System.Reflection.RuntimeConstructorInfo.InternalInvoke (System.Object obj, System.Object[] parameters, System.Boolean wrapExceptions) [0x00005] in <fbc4ec45371543bfba3678ebb82caf6d>:0 
[script:fivem-cbps-me]    Exception_EndOfInnerExceptionStack
[script:fivem-cbps-me]   at System.Reflection.RuntimeConstructorInfo.InternalInvoke (System.Object obj, System.Object[] parameters, System.Boolean wrapExceptions) [0x0001a] in <fbc4ec45371543bfba3678ebb82caf6d>:0 
[script:fivem-cbps-me]   at System.RuntimeType.CreateInstanceMono (System.Boolean nonPublic, System.Boolean wrapExceptions) [0x00095] in <fbc4ec45371543bfba3678ebb82caf6d>:0 
[script:fivem-cbps-me]   at System.RuntimeType.CreateInstanceSlow (System.Boolean publicOnly, System.Boolean wrapExceptions, System.Boolean skipCheckThis, System.Boolean fillCache) [0x00009] in <fbc4ec45371543bfba3678ebb82caf6d>:0 
[script:fivem-cbps-me]   at System.RuntimeType.CreateInstanceDefaultCtor (System.Boolean publicOnly, System.Boolean skipCheckThis, System.Boolean fillCache, System.Boolean wrapExceptions, System.Threading.StackCrawlMark& stackMark) [0x00027] in <fbc4ec45371543bfba3678ebb82caf6d>:0 
[script:fivem-cbps-me]   at System.Activator.CreateInstance (System.Type type, System.Boolean nonPublic, System.Boolean wrapExceptions) [0x00020] in <fbc4ec45371543bfba3678ebb82caf6d>:0 
[script:fivem-cbps-me]   at System.Activator.CreateInstance (System.Type type, System.Boolean nonPublic) [0x00000] in <fbc4ec45371543bfba3678ebb82caf6d>:0 
[script:fivem-cbps-me]   at System.Activator.CreateInstance (System.Type type) [0x00000] in <fbc4ec45371543bfba3678ebb82caf6d>:0 
[script:fivem-cbps-me]   at CitizenFX.Core.InternalManager.CreateAssemblyInternal (System.String assemblyFile, System.Byte[] assemblyData, System.Byte[] symbolData) [0x0007b] in C:\gl\builds\cfx-fivem-2\code\client\clrcore\InternalManager.cs:156 
[script:fivem-cbps-me] Instantiated instance of script CBPSMenu.Server.PlayerManager.
[script:fivem-cbps-me] Failed to instantiate instance of script CBPSMenu.Server.RaceManager: System.Reflection.TargetInvocationException: Exception has been thrown by the target of an invocation. ---> System.IO.FileNotFoundException: Could not load file or assembly 'Newtonsoft.Json, Version=13.0.0.0, Culture=neutral, PublicKeyToken=30ad4fe6b2a6aeed' or one of its dependencies.
[script:fivem-cbps-me]   at CBPSMenu.Server.RaceManager..ctor () [0x0002e] in <047b9f422c744f03a88ece1dd63b319a>:0 
[script:fivem-cbps-me]   at (wrapper managed-to-native) System.Reflection.RuntimeConstructorInfo.InternalInvoke(System.Reflection.RuntimeConstructorInfo,object,object[],System.Exception&)
[script:fivem-cbps-me]   at System.Reflection.RuntimeConstructorInfo.InternalInvoke (System.Object obj, System.Object[] parameters, System.Boolean wrapExceptions) [0x00005] in <fbc4ec45371543bfba3678ebb82caf6d>:0 
[script:fivem-cbps-me]    Exception_EndOfInnerExceptionStack
[script:fivem-cbps-me]   at System.Reflection.RuntimeConstructorInfo.InternalInvoke (System.Object obj, System.Object[] parameters, System.Boolean wrapExceptions) [0x0001a] in <fbc4ec45371543bfba3678ebb82caf6d>:0 
[script:fivem-cbps-me]   at System.RuntimeType.CreateInstanceMono (System.Boolean nonPublic, System.Boolean wrapExceptions) [0x00095] in <fbc4ec45371543bfba3678ebb82caf6d>:0 
[script:fivem-cbps-me]   at System.RuntimeType.CreateInstanceSlow (System.Boolean publicOnly, System.Boolean wrapExceptions, System.Boolean skipCheckThis, System.Boolean fillCache) [0x00009] in <fbc4ec45371543bfba3678ebb82caf6d>:0 
[script:fivem-cbps-me]   at System.RuntimeType.CreateInstanceDefaultCtor (System.Boolean publicOnly, System.Boolean skipCheckThis, System.Boolean fillCache, System.Boolean wrapExceptions, System.Threading.StackCrawlMark& stackMark) [0x00027] in <fbc4ec45371543bfba3678ebb82caf6d>:0 
[script:fivem-cbps-me]   at System.Activator.CreateInstance (System.Type type, System.Boolean nonPublic, System.Boolean wrapExceptions) [0x00020] in <fbc4ec45371543bfba3678ebb82caf6d>:0 
[script:fivem-cbps-me]   at System.Activator.CreateInstance (System.Type type, System.Boolean nonPublic) [0x00000] in <fbc4ec45371543bfba3678ebb82caf6d>:0 
[script:fivem-cbps-me]   at System.Activator.CreateInstance (System.Type type) [0x00000] in <fbc4ec45371543bfba3678ebb82caf6d>:0 
[script:fivem-cbps-me]   at CitizenFX.Core.InternalManager.CreateAssemblyInternal (System.String assemblyFile, System.Byte[] assemblyData, System.Byte[] symbolData) [0x0007b] in C:\gl\builds\cfx-fivem-2\code\client\clrcore\InternalManager.cs:156 
[script:fivem-cbps-me] [CBPS Menu] Starting server...
[script:fivem-cbps-me] [CBPS Menu] Server started successfully!
[script:fivem-cbps-me] Instantiated instance of script CBPSMenu.Server.ServerMain.
[script:fivem-cbps-me] Instantiated instance of script CBPSMenu.Server.TeamManager.
[script:fivem-cbps-me] Instantiated instance of script CBPSMenu.Server.VehicleManager.
[script:fivem-cbps-me] [CBPS Menu] Voice Manager initialized
[script:fivem-cbps-me] Instantiated instance of script CBPSMenu.Server.VoiceManager.
[script:fivem-cbps-me] Instantiated instance of script CBPSMenu.Server.WeaponManager.
[resources:fivem-cbps] Warning: could not find file `Newtonsoft.Json.dll` (defined in fxmanifest.lua:18)
[           resources] Started resource fivem-cbps-menu (1 warning)
[           resources] Started resource mask-fix
[           resources] Warning: Resource spooner does not support the current game (gta5).
[ citizen-server-impl] Couldn't start resource spooner.
[           resources] Started resource um-fpsbooster
[    c-scripting-core] Creating script environments for vMenu
[        script:vMenu] Instantiated instance of script vMenuServer.BanManager.
[        script:vMenu] Instantiated instance of script vMenuServer.MainServer.
[           resources] Started resource vMenu
[           resources] Started resource z-loadscreen
[   script:mapmanager] Started map fivem-map-hipster
[           resources] Started resource fivem-map-hipster
[   script:ServerSync] [ServerSync] initialized.
[   script:ServerSync] server thread hitch warning: timer interval of 517 milliseconds
[ citizen-server-impl]         fff                          
[ citizen-server-impl]   cccc ff   xx  xx     rr rr    eee  
[ citizen-server-impl] cc     ffff   xx       rrr  r ee   e 
[ citizen-server-impl] cc     ff     xx   ... rr     eeeee  
[ citizen-server-impl]  ccccc ff   xx  xx ... rr      eeeee 
[ citizen-server-impl]                                      
[ citizen-server-impl] Authenticated with cfx.re Nucleus: https://mcpeaps-hd-lkvx57.users.cfx.re/
║             TXADMIN║ txaReportResources 
[      script:monitor] [txAdmin] Sending resources list to txAdmin.
[ citizen-server-impl] sync thread hitch warning: timer interval of 102 milliseconds
[ citizen-server-impl] server thread hitch warning: timer interval of 152 milliseconds
[    script:pma-voice] [WARNING] It's recommended to have 'voice_useSendingRangeOnly' set to false, you can do that with 'setr voice_useSendingRangeOnly false', this makes clients ignore the position information sent from the client.
[ citizen-server-impl] sync thread hitch warning: timer interval of 101 milliseconds
[ citizen-server-impl] server thread hitch warning: timer interval of 173 milliseconds
[ citizen-server-impl] sync thread hitch warning: timer interval of 123 milliseconds
[ citizen-server-impl] server thread hitch warning: timer interval of 272 milliseconds
[ citizen-server-impl] network thread hitch warning: timer interval of 160 milliseconds
[ citizen-server-impl] sync thread hitch warning: timer interval of 104 milliseconds
[ citizen-server-impl] sync thread hitch warning: timer interval of 108 milliseconds
[ citizen-server-impl] server thread hitch warning: timer interval of 152 milliseconds
[ citizen-server-impl] server thread hitch warning: timer interval of 191 milliseconds
[ citizen-server-impl] sync thread hitch warning: timer interval of 109 milliseconds
[ citizen-server-impl] server thread hitch warning: timer interval of 175 milliseconds
[ citizen-server-impl] server thread hitch warning: timer interval of 163 milliseconds
[ citizen-server-impl] sync thread hitch warning: timer interval of 115 milliseconds
[ citizen-server-impl] server thread hitch warning: timer interval of 252 milliseconds
[ citizen-server-impl] network thread hitch warning: timer interval of 157 milliseconds
[ citizen-server-impl] sync thread hitch warning: timer interval of 165 milliseconds
[ citizen-server-impl] server thread hitch warning: timer interval of 253 milliseconds
[ citizen-server-impl] network thread hitch warning: timer interval of 173 milliseconds
[ citizen-server-impl] sync thread hitch warning: timer interval of 156 milliseconds
[ citizen-server-impl] sync thread hitch warning: timer interval of 102 milliseconds
[ citizen-server-impl] sync thread hitch warning: timer interval of 130 milliseconds
[ citizen-server-impl] server thread hitch warning: timer interval of 393 milliseconds
[ citizen-server-impl] sync thread hitch warning: timer interval of 149 milliseconds
[ citizen-server-impl] server thread hitch warning: timer interval of 170 milliseconds
[ citizen-server-impl] sync thread hitch warning: timer interval of 150 milliseconds
[ citizen-server-impl] sync thread hitch warning: timer interval of 101 milliseconds
[ citizen-server-impl] server thread hitch warning: timer interval of 207 milliseconds
[ citizen-server-impl] sync thread hitch warning: timer interval of 154 milliseconds
[ citizen-server-impl] network thread hitch warning: timer interval of 163 milliseconds
[ citizen-server-impl] server thread hitch warning: timer interval of 174 milliseconds
[ citizen-server-impl] server thread hitch warning: timer interval of 170 milliseconds
[ citizen-server-impl] server thread hitch warning: timer interval of 174 milliseconds
[ citizen-server-impl] server thread hitch warning: timer interval of 666 milliseconds
[ citizen-server-impl] server thread hitch warning: timer interval of 204 milliseconds
[ citizen-server-impl] sync thread hitch warning: timer interval of 131 milliseconds
[ citizen-server-impl] server thread hitch warning: timer interval of 249 milliseconds
[ citizen-server-impl] network thread hitch warning: timer interval of 176 milliseconds
[ citizen-server-impl] sync thread hitch warning: timer interval of 178 milliseconds
[ citizen-server-impl] sync thread hitch warning: timer interval of 126 milliseconds
[ citizen-server-impl] server thread hitch warning: timer interval of 157 milliseconds
[ citizen-server-impl] server thread hitch warning: timer interval of 163 milliseconds
[ citizen-server-impl] server thread hitch warning: timer interval of 183 milliseconds
[ citizen-server-impl] server thread hitch warning: timer interval of 391 milliseconds
[ citizen-server-impl] server thread hitch warning: timer interval of 173 milliseconds
[ citizen-server-impl] sync thread hitch warning: timer interval of 118 milliseconds
[ citizen-server-impl] sync thread hitch warning: timer interval of 145 milliseconds
[ citizen-server-impl] server thread hitch warning: timer interval of 155 milliseconds
[ citizen-server-impl] sync thread hitch warning: timer interval of 159 milliseconds
[ citizen-server-impl] server thread hitch warning: timer interval of 210 milliseconds
[ citizen-server-impl] sync thread hitch warning: timer interval of 134 milliseconds
[ citizen-server-impl] server thread hitch warning: timer interval of 153 milliseconds
[ citizen-server-impl] sync thread hitch warning: timer interval of 105 milliseconds
[ citizen-server-impl] sync thread hitch warning: timer interval of 135 milliseconds
[ citizen-server-impl] server thread hitch warning: timer interval of 166 milliseconds
[ citizen-server-impl] sync thread hitch warning: timer interval of 106 milliseconds
[ citizen-server-impl] sync thread hitch warning: timer interval of 113 milliseconds
[ citizen-server-impl] server thread hitch warning: timer interval of 158 milliseconds
[ citizen-server-impl] sync thread hitch warning: timer interval of 115 milliseconds
[ citizen-server-impl] server thread hitch warning: timer interval of 160 milliseconds
[ citizen-server-impl] sync thread hitch warning: timer interval of 126 milliseconds
[ citizen-server-impl] network thread hitch warning: timer interval of 331 milliseconds
[ citizen-server-impl] server thread hitch warning: timer interval of 187 milliseconds
[ citizen-server-impl] network thread hitch warning: timer interval of 423 milliseconds
[ citizen-server-impl] server thread hitch warning: timer interval of 563 milliseconds
[ citizen-server-impl] server thread hitch warning: timer interval of 329 milliseconds
[ citizen-server-impl] sync thread hitch warning: timer interval of 262 milliseconds
[ citizen-server-impl] sync thread hitch warning: timer interval of 368 milliseconds
[ citizen-server-impl] network thread hitch warning: timer interval of 286 milliseconds
[ citizen-server-impl] server thread hitch warning: timer interval of 439 milliseconds
[ citizen-server-impl] sync thread hitch warning: timer interval of 273 milliseconds
[ citizen-server-impl] network thread hitch warning: timer interval of 290 milliseconds
[ citizen-server-impl] server thread hitch warning: timer interval of 353 milliseconds
[ citizen-server-impl] sync thread hitch warning: timer interval of 102 milliseconds
[ citizen-server-impl] server thread hitch warning: timer interval of 219 milliseconds
[ citizen-server-impl] sync thread hitch warning: timer interval of 114 milliseconds
[ citizen-server-impl] sync thread hitch warning: timer interval of 103 milliseconds
[ citizen-server-impl] server thread hitch warning: timer interval of 203 milliseconds
[ citizen-server-impl] server thread hitch warning: timer interval of 238 milliseconds
[ citizen-server-impl] sync thread hitch warning: timer interval of 118 milliseconds
[ citizen-server-impl] network thread hitch warning: timer interval of 213 milliseconds
[ citizen-server-impl] sync thread hitch warning: timer interval of 221 milliseconds
[ citizen-server-impl] server thread hitch warning: timer interval of 300 milliseconds
[ citizen-server-impl] server thread hitch warning: timer interval of 174 milliseconds
[ citizen-server-impl] server thread hitch warning: timer interval of 157 milliseconds
[ citizen-server-impl] server thread hitch warning: timer interval of 153 milliseconds
[ citizen-server-impl] sync thread hitch warning: timer interval of 104 milliseconds
[ citizen-server-impl] server thread hitch warning: timer interval of 222 milliseconds
[ citizen-server-impl] network thread hitch warning: timer interval of 264 milliseconds
[ citizen-server-impl] sync thread hitch warning: timer interval of 277 milliseconds
[ citizen-server-impl] server thread hitch warning: timer interval of 331 milliseconds
[ citizen-server-impl] sync thread hitch warning: timer interval of 131 milliseconds
[ citizen-server-impl] server thread hitch warning: timer interval of 220 milliseconds
[ citizen-server-impl] sync thread hitch warning: timer interval of 128 milliseconds
[ citizen-server-impl] server thread hitch warning: timer interval of 182 milliseconds
[ citizen-server-impl] network thread hitch warning: timer interval of 184 milliseconds
[ citizen-server-impl] sync thread hitch warning: timer interval of 184 milliseconds
[ citizen-server-impl] server thread hitch warning: timer interval of 264 milliseconds
[ citizen-server-impl] sync thread hitch warning: timer interval of 118 milliseconds
[ citizen-server-impl] network thread hitch warning: timer interval of 182 milliseconds
[ citizen-server-impl] sync thread hitch warning: timer interval of 230 milliseconds
[ citizen-server-impl] server thread hitch warning: timer interval of 245 milliseconds
[ citizen-server-impl] network thread hitch warning: timer interval of 280 milliseconds
[ citizen-server-impl] server thread hitch warning: timer interval of 187 milliseconds
[ citizen-server-impl] network thread hitch warning: timer interval of 162 milliseconds
[ citizen-server-impl] sync thread hitch warning: timer interval of 179 milliseconds
[ citizen-server-impl] server thread hitch warning: timer interval of 206 milliseconds
[ citizen-server-impl] network thread hitch warning: timer interval of 412 milliseconds
[ citizen-server-impl] sync thread hitch warning: timer interval of 414 milliseconds
[ citizen-server-impl] network thread hitch warning: timer interval of 152 milliseconds
[ citizen-server-impl] sync thread hitch warning: timer interval of 155 milliseconds
[ citizen-server-impl] server thread hitch warning: timer interval of 574 milliseconds
[ citizen-server-impl] sync thread hitch warning: timer interval of 121 milliseconds
[ citizen-server-impl] sync thread hitch warning: timer interval of 102 milliseconds
[ citizen-server-impl] server thread hitch warning: timer interval of 251 milliseconds
[ citizen-server-impl] sync thread hitch warning: timer interval of 103 milliseconds
[ citizen-server-impl] server thread hitch warning: timer interval of 206 milliseconds
[ citizen-server-impl] sync thread hitch warning: timer interval of 167 milliseconds
[ citizen-server-impl] server thread hitch warning: timer interval of 219 milliseconds
[ citizen-server-impl] network thread hitch warning: timer interval of 457 milliseconds
[ citizen-server-impl] server thread hitch warning: timer interval of 494 milliseconds
[ citizen-server-impl] sync thread hitch warning: timer interval of 681 milliseconds
[ citizen-server-impl] sync thread hitch warning: timer interval of 106 milliseconds
[ citizen-server-impl] network thread hitch warning: timer interval of 271 milliseconds
[ citizen-server-impl] server thread hitch warning: timer interval of 456 milliseconds
[ citizen-server-impl] sync thread hitch warning: timer interval of 231 milliseconds
[ citizen-server-impl] sync thread hitch warning: timer interval of 134 milliseconds
[ citizen-server-impl] server thread hitch warning: timer interval of 229 milliseconds
[ citizen-server-impl] sync thread hitch warning: timer interval of 188 milliseconds
[ citizen-server-impl] server thread hitch warning: timer interval of 580 milliseconds
[ citizen-server-impl] server thread hitch warning: timer interval of 262 milliseconds
[ citizen-server-impl] server thread hitch warning: timer interval of 196 milliseconds
[ citizen-server-impl] server thread hitch warning: timer interval of 161 milliseconds
[ citizen-server-impl] server thread hitch warning: timer interval of 182 milliseconds
[ citizen-server-impl] server thread hitch warning: timer interval of 194 milliseconds
[ citizen-server-impl] sync thread hitch warning: timer interval of 114 milliseconds
[ citizen-server-impl] sync thread hitch warning: timer interval of 233 milliseconds
[ citizen-server-impl] server thread hitch warning: timer interval of 337 milliseconds
[ citizen-server-impl] sync thread hitch warning: timer interval of 112 milliseconds
[ citizen-server-impl] server thread hitch warning: timer interval of 155 milliseconds
[ citizen-server-impl] network thread hitch warning: timer interval of 167 milliseconds
[ citizen-server-impl] sync thread hitch warning: timer interval of 167 milliseconds
[ citizen-server-impl] server thread hitch warning: timer interval of 214 milliseconds
[ citizen-server-impl] server thread hitch warning: timer interval of 157 milliseconds
[ citizen-server-impl] sync thread hitch warning: timer interval of 121 milliseconds
[ citizen-server-impl] server thread hitch warning: timer interval of 217 milliseconds
[ citizen-server-impl] network thread hitch warning: timer interval of 187 milliseconds
[ citizen-server-impl] sync thread hitch warning: timer interval of 187 milliseconds
[ citizen-server-impl] server thread hitch warning: timer interval of 249 milliseconds
[ citizen-server-impl] sync thread hitch warning: timer interval of 109 milliseconds
[ citizen-server-impl] network thread hitch warning: timer interval of 176 milliseconds
[ citizen-server-impl] sync thread hitch warning: timer interval of 142 milliseconds
[ citizen-server-impl] server thread hitch warning: timer interval of 290 milliseconds
[ citizen-server-impl] sync thread hitch warning: timer interval of 124 milliseconds
[ citizen-server-impl] sync thread hitch warning: timer interval of 109 milliseconds
[ citizen-server-impl] sync thread hitch warning: timer interval of 121 milliseconds
[ citizen-server-impl] server thread hitch warning: timer interval of 241 milliseconds
[ citizen-server-impl] server thread hitch warning: timer interval of 272 milliseconds
[ citizen-server-impl] network thread hitch warning: timer interval of 294 milliseconds
[ citizen-server-impl] sync thread hitch warning: timer interval of 294 milliseconds
[ citizen-server-impl] network thread hitch warning: timer interval of 295 milliseconds
[ citizen-server-impl] sync thread hitch warning: timer interval of 295 milliseconds
[ citizen-server-impl] server thread hitch warning: timer interval of 441 milliseconds
[ citizen-server-impl] sync thread hitch warning: timer interval of 105 milliseconds
[ citizen-server-impl] server thread hitch warning: timer interval of 186 milliseconds
[ citizen-server-impl] sync thread hitch warning: timer interval of 151 milliseconds
[ citizen-server-impl] server thread hitch warning: timer interval of 180 milliseconds
[ citizen-server-impl] server thread hitch warning: timer interval of 158 milliseconds
[ citizen-server-impl] server thread hitch warning: timer interval of 220 milliseconds
[ citizen-server-impl] sync thread hitch warning: timer interval of 102 milliseconds
[ citizen-server-impl] server thread hitch warning: timer interval of 176 milliseconds
[ citizen-server-impl] sync thread hitch warning: timer interval of 129 milliseconds
[ citizen-server-impl] server thread hitch warning: timer interval of 174 milliseconds
[ citizen-server-impl] sync thread hitch warning: timer interval of 107 milliseconds
[ citizen-server-impl] sync thread hitch warning: timer interval of 133 milliseconds
[ citizen-server-impl] sync thread hitch warning: timer interval of 122 milliseconds
[ citizen-server-impl] network thread hitch warning: timer interval of 203 milliseconds
[ citizen-server-impl] sync thread hitch warning: timer interval of 170 milliseconds
[ citizen-server-impl] server thread hitch warning: timer interval of 170 milliseconds
[ citizen-server-impl] network thread hitch warning: timer interval of 155 milliseconds
[ citizen-server-impl] sync thread hitch warning: timer interval of 166 milliseconds
[ citizen-server-impl] server thread hitch warning: timer interval of 183 milliseconds
[ citizen-server-impl] server thread hitch warning: timer interval of 475 milliseconds
[ citizen-server-impl] sync thread hitch warning: timer interval of 157 milliseconds
[ citizen-server-impl] server thread hitch warning: timer interval of 186 milliseconds
[ citizen-server-impl] network thread hitch warning: timer interval of 162 milliseconds
[ citizen-server-impl] network thread hitch warning: timer interval of 287 milliseconds
[ citizen-server-impl] sync thread hitch warning: timer interval of 786 milliseconds
[ citizen-server-impl] network thread hitch warning: timer interval of 539 milliseconds
[ citizen-server-impl] server thread hitch warning: timer interval of 842 milliseconds
[ citizen-server-impl] sync thread hitch warning: timer interval of 196 milliseconds
[ citizen-server-impl] network thread hitch warning: timer interval of 336 milliseconds
[ citizen-server-impl] server thread hitch warning: timer interval of 459 milliseconds
[ citizen-server-impl] network thread hitch warning: timer interval of 169 milliseconds
║          mcpeaps_HD║ stop "ServerSync"
[ citizen-server-impl] server thread hitch warning: timer interval of 159 milliseconds
║             TXADMIN║ txaReportResources 
[           resources] Stopping resource ServerSync
[ citizen-server-impl] server thread hitch warning: timer interval of 187 milliseconds
[      script:monitor] [txAdmin] Sending resources list to txAdmin.
[ citizen-server-impl] sync thread hitch warning: timer interval of 243 milliseconds
[ citizen-server-impl] network thread hitch warning: timer interval of 252 milliseconds
[ citizen-server-impl] server thread hitch warning: timer interval of 288 milliseconds
[ citizen-server-impl] sync thread hitch warning: timer interval of 102 milliseconds
[ citizen-server-impl] sync thread hitch warning: timer interval of 104 milliseconds
[ citizen-server-impl] sync thread hitch warning: timer interval of 132 milliseconds
[ citizen-server-impl] server thread hitch warning: timer interval of 161 milliseconds
[ citizen-server-impl] sync thread hitch warning: timer interval of 106 milliseconds
[ citizen-server-impl] server thread hitch warning: timer interval of 190 milliseconds
[ citizen-server-impl] sync thread hitch warning: timer interval of 132 milliseconds
[ citizen-server-impl] sync thread hitch warning: timer interval of 167 milliseconds
[ citizen-server-impl] network thread hitch warning: timer interval of 180 milliseconds
[ citizen-server-impl] server thread hitch warning: timer interval of 230 milliseconds
[ citizen-server-impl] sync thread hitch warning: timer interval of 115 milliseconds
[ citizen-server-impl] server thread hitch warning: timer interval of 241 milliseconds
[ citizen-server-impl] network thread hitch warning: timer interval of 230 milliseconds
[ citizen-server-impl] sync thread hitch warning: timer interval of 230 milliseconds
[ citizen-server-impl] sync thread hitch warning: timer interval of 186 milliseconds
[ citizen-server-impl] network thread hitch warning: timer interval of 187 milliseconds
[ citizen-server-impl] server thread hitch warning: timer interval of 222 milliseconds
[ citizen-server-impl] network thread hitch warning: timer interval of 201 milliseconds
[ citizen-server-impl] sync thread hitch warning: timer interval of 218 milliseconds
[ citizen-server-impl] server thread hitch warning: timer interval of 255 milliseconds
[ citizen-server-impl] network thread hitch warning: timer interval of 353 milliseconds
[ citizen-server-impl] sync thread hitch warning: timer interval of 337 milliseconds
[ citizen-server-impl] server thread hitch warning: timer interval of 367 milliseconds
[ citizen-server-impl] server thread hitch warning: timer interval of 195 milliseconds
[ citizen-server-impl] network thread hitch warning: timer interval of 1269 milliseconds
[ citizen-server-impl] sync thread hitch warning: timer interval of 1770 milliseconds
[ citizen-server-impl] server thread hitch warning: timer interval of 2520 milliseconds
[ citizen-server-impl] network thread hitch warning: timer interval of 4368 milliseconds
[ citizen-server-impl] sync thread hitch warning: timer interval of 3722 milliseconds
[ citizen-server-impl] server thread hitch warning: timer interval of 4026 milliseconds
[ citizen-server-impl] sync thread hitch warning: timer interval of 108 milliseconds
[ citizen-server-impl] server thread hitch warning: timer interval of 195 milliseconds
[ citizen-server-impl] network thread hitch warning: timer interval of 327 milliseconds
[ citizen-server-impl] sync thread hitch warning: timer interval of 328 milliseconds
[ citizen-server-impl] server thread hitch warning: timer interval of 360 milliseconds
[ citizen-server-impl] server thread hitch warning: timer interval of 182 milliseconds
[ citizen-server-impl] sync thread hitch warning: timer interval of 125 milliseconds
[ citizen-server-impl] sync thread hitch warning: timer interval of 124 milliseconds
[ citizen-server-impl] server thread hitch warning: timer interval of 169 milliseconds
[ citizen-server-impl] sync thread hitch warning: timer interval of 143 milliseconds
[ citizen-server-impl] server thread hitch warning: timer interval of 165 milliseconds
[script:fivem-cbps-me] [CBPS Menu] Player mcpeaps_HD connecting...
[      script:hardcap] Connecting: mcpeaps_HD
[ citizen-server-impl] server thread hitch warning: timer interval of 1451 milliseconds
[ citizen-server-impl] network thread hitch warning: timer interval of 198 milliseconds
[ citizen-server-impl] sync thread hitch warning: timer interval of 200 milliseconds
[ citizen-server-impl] server thread hitch warning: timer interval of 256 milliseconds
[ citizen-server-impl] server thread hitch warning: timer interval of 176 milliseconds
[ citizen-server-impl] Server list query returned an error: server request failed: server request failed for endpoint https://95.91.242.117:30120/info.json (Get "https://95.91.242.117:30120/info.json": read tcp 10.0.2.48:39020->95.91.242.117:30120: read: connection reset by peer)
[ citizen-server-impl] sync thread hitch warning: timer interval of 305 milliseconds
[ citizen-server-impl] network thread hitch warning: timer interval of 306 milliseconds
[ citizen-server-impl] server thread hitch warning: timer interval of 446 milliseconds
[ citizen-server-impl] network thread hitch warning: timer interval of 293 milliseconds
[ citizen-server-impl] sync thread hitch warning: timer interval of 294 milliseconds
[ citizen-server-impl] server thread hitch warning: timer interval of 237 milliseconds
[ citizen-server-impl] sync thread hitch warning: timer interval of 327 milliseconds
[ citizen-server-impl] network thread hitch warning: timer interval of 324 milliseconds
[ citizen-server-impl] server thread hitch warning: timer interval of 409 milliseconds
[ citizen-server-impl] sync thread hitch warning: timer interval of 148 milliseconds
[ citizen-server-impl] server thread hitch warning: timer interval of 203 milliseconds
[ citizen-server-impl] sync thread hitch warning: timer interval of 289 milliseconds
[ citizen-server-impl] network thread hitch warning: timer interval of 293 milliseconds
[ citizen-server-impl] server thread hitch warning: timer interval of 343 milliseconds
[ citizen-server-impl] sync thread hitch warning: timer interval of 230 milliseconds
[ citizen-server-impl] network thread hitch warning: timer interval of 215 milliseconds
[ citizen-server-impl] server thread hitch warning: timer interval of 177 milliseconds
[ citizen-server-impl] sync thread hitch warning: timer interval of 129 milliseconds
[ citizen-server-impl] server thread hitch warning: timer interval of 165 milliseconds
[ citizen-server-impl] server thread hitch warning: timer interval of 167 milliseconds
[ citizen-server-impl] network thread hitch warning: timer interval of 181 milliseconds
[ citizen-server-impl] sync thread hitch warning: timer interval of 162 milliseconds
[ citizen-server-impl] sync thread hitch warning: timer interval of 232 milliseconds
[ citizen-server-impl] sync thread hitch warning: timer interval of 223 milliseconds
[ citizen-server-impl] sync thread hitch warning: timer interval of 148 milliseconds
[ citizen-server-impl] server thread hitch warning: timer interval of 2273 milliseconds
[ citizen-server-impl] sync thread hitch warning: timer interval of 110 milliseconds
[ citizen-server-impl] Server list query returned an error: server request failed: server request failed for endpoint https://95.91.242.117:30120/info.json (Get "https://95.91.242.117:30120/info.json": read tcp 10.0.2.48:34078->95.91.242.117:30120: read: connection reset by peer)
[ citizen-server-impl] sync thread hitch warning: timer interval of 147 milliseconds
[ citizen-server-impl] server thread hitch warning: timer interval of 198 milliseconds
[ citizen-server-impl] sync thread hitch warning: timer interval of 141 milliseconds
[ citizen-server-impl] server thread hitch warning: timer interval of 177 milliseconds
[ citizen-server-impl] sync thread hitch warning: timer interval of 105 milliseconds
[ citizen-server-impl] sync thread hitch warning: timer interval of 153 milliseconds
[ citizen-server-impl] server thread hitch warning: timer interval of 220 milliseconds
[ citizen-server-impl] sync thread hitch warning: timer interval of 102 milliseconds
[ citizen-server-impl] server thread hitch warning: timer interval of 195 milliseconds
[ citizen-server-impl] sync thread hitch warning: timer interval of 118 milliseconds
[ citizen-server-impl] server thread hitch warning: timer interval of 189 milliseconds
[ citizen-server-impl] sync thread hitch warning: timer interval of 132 milliseconds
[ citizen-server-impl] server thread hitch warning: timer interval of 165 milliseconds
[ citizen-server-impl] server thread hitch warning: timer interval of 194 milliseconds
[ citizen-server-impl] server thread hitch warning: timer interval of 238 milliseconds
[ citizen-server-impl] Server list query returned an error: server request failed: server request failed for endpoint https://95.91.242.117:30120/info.json (Get "https://95.91.242.117:30120/info.json": read tcp 10.0.2.48:34078->95.91.242.117:30120: read: connection reset by peer)
[ citizen-server-impl] sync thread hitch warning: timer interval of 114 milliseconds
[ citizen-server-impl] server thread hitch warning: timer interval of 159 milliseconds
[ citizen-server-impl] sync thread hitch warning: timer interval of 281 milliseconds
[ citizen-server-impl] server thread hitch warning: timer interval of 347 milliseconds
[ citizen-server-impl] network thread hitch warning: timer interval of 297 milliseconds
[ citizen-server-impl] sync thread hitch warning: timer interval of 285 milliseconds
[ citizen-server-impl] server thread hitch warning: timer interval of 241 milliseconds
[ citizen-server-impl] sync thread hitch warning: timer interval of 145 milliseconds
[ citizen-server-impl] sync thread hitch warning: timer interval of 212 milliseconds
[ citizen-server-impl] sync thread hitch warning: timer interval of 140 milliseconds
[ citizen-server-impl] server thread hitch warning: timer interval of 487 milliseconds
[ citizen-server-impl] sync thread hitch warning: timer interval of 150 milliseconds
[ citizen-server-impl] sync thread hitch warning: timer interval of 130 milliseconds
[ citizen-server-impl] server thread hitch warning: timer interval of 225 milliseconds
[ citizen-server-impl] sync thread hitch warning: timer interval of 211 milliseconds
[ citizen-server-impl] sync thread hitch warning: timer interval of 212 milliseconds
[ citizen-server-impl] server thread hitch warning: timer interval of 381 milliseconds
[ citizen-server-impl] sync thread hitch warning: timer interval of 171 milliseconds
[ citizen-server-impl] sync thread hitch warning: timer interval of 116 milliseconds
[ citizen-server-impl] server thread hitch warning: timer interval of 350 milliseconds
[ citizen-server-impl] server thread hitch warning: timer interval of 166 milliseconds
[ citizen-server-impl] sync thread hitch warning: timer interval of 120 milliseconds
[ citizen-server-impl] server thread hitch warning: timer interval of 157 milliseconds
[ citizen-server-impl] server thread hitch warning: timer interval of 180 milliseconds
[ citizen-server-impl] sync thread hitch warning: timer interval of 101 milliseconds
[ citizen-server-impl] server thread hitch warning: timer interval of 180 milliseconds
[ citizen-server-impl] sync thread hitch warning: timer interval of 138 milliseconds
[ citizen-server-impl] server thread hitch warning: timer interval of 216 milliseconds
[ citizen-server-impl] sync thread hitch warning: timer interval of 104 milliseconds
[ citizen-server-impl] sync thread hitch warning: timer interval of 245 milliseconds
[ citizen-server-impl] server thread hitch warning: timer interval of 449 milliseconds
[ citizen-server-impl] sync thread hitch warning: timer interval of 134 milliseconds
[ citizen-server-impl] sync thread hitch warning: timer interval of 185 milliseconds
[ citizen-server-impl] server thread hitch warning: timer interval of 185 milliseconds
[ citizen-server-impl] sync thread hitch warning: timer interval of 134 milliseconds
[ citizen-server-impl] sync thread hitch warning: timer interval of 233 milliseconds
[ citizen-server-impl] server thread hitch warning: timer interval of 436 milliseconds
[ citizen-server-impl] sync thread hitch warning: timer interval of 164 milliseconds
[ citizen-server-impl] server thread hitch warning: timer interval of 267 milliseconds
[ citizen-server-impl] sync thread hitch warning: timer interval of 240 milliseconds
[ citizen-server-impl] sync thread hitch warning: timer interval of 101 milliseconds
[ citizen-server-impl] sync thread hitch warning: timer interval of 183 milliseconds
[ citizen-server-impl] server thread hitch warning: timer interval of 336 milliseconds
[ citizen-server-impl] sync thread hitch warning: timer interval of 114 milliseconds
[ citizen-server-impl] sync thread hitch warning: timer interval of 166 milliseconds
[ citizen-server-impl] server thread hitch warning: timer interval of 513 milliseconds
[ citizen-server-impl] sync thread hitch warning: timer interval of 205 milliseconds
[ citizen-server-impl] server thread hitch warning: timer interval of 165 milliseconds
[ citizen-server-impl] server thread hitch warning: timer interval of 163 milliseconds
[ citizen-server-impl] server thread hitch warning: timer interval of 184 milliseconds
[ citizen-server-impl] server thread hitch warning: timer interval of 163 milliseconds
[ citizen-server-impl] server thread hitch warning: timer interval of 168 milliseconds
[ citizen-server-impl] Server list query returned an error: server request failed: server request failed for endpoint https://95.91.242.117:30120/players.json (Get "https://95.91.242.117:30120/players.json": read tcp 10.0.12.29:57234->95.91.242.117:30120: read: connection reset by peer)
[ citizen-server-impl] server thread hitch warning: timer interval of 153 milliseconds
[ citizen-server-impl] server thread hitch warning: timer interval of 207 milliseconds
[ citizen-server-impl] server thread hitch warning: timer interval of 155 milliseconds
[ citizen-server-impl] server thread hitch warning: timer interval of 223 milliseconds
[ citizen-server-impl] server thread hitch warning: timer interval of 155 milliseconds
[ citizen-server-impl] Server list query returned an error: server request failed: server request failed for endpoint https://95.91.242.117:30120/players.json (Get "https://95.91.242.117:30120/players.json": read tcp 10.0.4.102:47860->95.91.242.117:30120: read: connection reset by peer)
[ citizen-server-impl] sync thread hitch warning: timer interval of 105 milliseconds
[ citizen-server-impl] server thread hitch warning: timer interval of 160 milliseconds
[ citizen-server-impl] sync thread hitch warning: timer interval of 108 milliseconds
[ citizen-server-impl] server thread hitch warning: timer interval of 245 milliseconds
[ citizen-server-impl] sync thread hitch warning: timer interval of 120 milliseconds
[ citizen-server-impl] server thread hitch warning: timer interval of 249 milliseconds
[ citizen-server-impl] sync thread hitch warning: timer interval of 230 milliseconds
[ citizen-server-impl] sync thread hitch warning: timer interval of 379 milliseconds
[ citizen-server-impl] server thread hitch warning: timer interval of 540 milliseconds
[ citizen-server-impl] sync thread hitch warning: timer interval of 209 milliseconds
[ citizen-server-impl] server thread hitch warning: timer interval of 176 milliseconds
[ citizen-server-impl] sync thread hitch warning: timer interval of 111 milliseconds
[ citizen-server-impl] server thread hitch warning: timer interval of 159 milliseconds
[ citizen-server-impl] sync thread hitch warning: timer interval of 150 milliseconds
[ citizen-server-impl] server thread hitch warning: timer interval of 283 milliseconds
[ citizen-server-impl] sync thread hitch warning: timer interval of 321 milliseconds
[ citizen-server-impl] sync thread hitch warning: timer interval of 127 milliseconds
[ citizen-server-impl] sync thread hitch warning: timer interval of 101 milliseconds
[ citizen-server-impl] server thread hitch warning: timer interval of 488 milliseconds
[ citizen-server-impl] sync thread hitch warning: timer interval of 195 milliseconds
[ citizen-server-impl] sync thread hitch warning: timer interval of 111 milliseconds
[ citizen-server-impl] server thread hitch warning: timer interval of 390 milliseconds
[ citizen-server-impl] sync thread hitch warning: timer interval of 127 milliseconds
[ citizen-server-impl] sync thread hitch warning: timer interval of 217 milliseconds
[ citizen-server-impl] server thread hitch warning: timer interval of 348 milliseconds
[ citizen-server-impl] sync thread hitch warning: timer interval of 154 milliseconds
[ citizen-server-impl] sync thread hitch warning: timer interval of 125 milliseconds
[ citizen-server-impl] server thread hitch warning: timer interval of 282 milliseconds
[ citizen-server-impl] server thread hitch warning: timer interval of 268 milliseconds
[ citizen-server-impl] sync thread hitch warning: timer interval of 129 milliseconds
[ citizen-server-impl] sync thread hitch warning: timer interval of 179 milliseconds
[ citizen-server-impl] server thread hitch warning: timer interval of 299 milliseconds
[ citizen-server-impl] sync thread hitch warning: timer interval of 309 milliseconds
[ citizen-server-impl] server thread hitch warning: timer interval of 460 milliseconds
[ citizen-server-impl] server thread hitch warning: timer interval of 184 milliseconds
[ citizen-server-impl] server thread hitch warning: timer interval of 153 milliseconds
[ citizen-server-impl] sync thread hitch warning: timer interval of 114 milliseconds
[ citizen-server-impl] server thread hitch warning: timer interval of 162 milliseconds
[ citizen-server-impl] server thread hitch warning: timer interval of 213 milliseconds
[ citizen-server-impl] sync thread hitch warning: timer interval of 106 milliseconds
[ citizen-server-impl] server thread hitch warning: timer interval of 186 milliseconds
[ citizen-server-impl] server thread hitch warning: timer interval of 169 milliseconds
[ citizen-server-impl] sync thread hitch warning: timer interval of 124 milliseconds
[ citizen-server-impl] sync thread hitch warning: timer interval of 115 milliseconds
[ citizen-server-impl] server thread hitch warning: timer interval of 166 milliseconds
[ citizen-server-impl] server thread hitch warning: timer interval of 211 milliseconds
[ citizen-server-impl] sync thread hitch warning: timer interval of 128 milliseconds
[ citizen-server-impl] server thread hitch warning: timer interval of 187 milliseconds
[ citizen-server-impl] sync thread hitch warning: timer interval of 130 milliseconds
[ citizen-server-impl] server thread hitch warning: timer interval of 175 milliseconds
[ citizen-server-impl] server thread hitch warning: timer interval of 198 milliseconds
[ citizen-server-impl] sync thread hitch warning: timer interval of 140 milliseconds
[ citizen-server-impl] Server list query returned an error: server request failed: server request failed for endpoint https://95.91.242.117:30120/info.json (Get "https://95.91.242.117:30120/info.json": read tcp 10.0.9.33:42552->95.91.242.117:30120: read: connection reset by peer)
[ citizen-server-impl] server thread hitch warning: timer interval of 241 milliseconds
[ citizen-server-impl] sync thread hitch warning: timer interval of 102 milliseconds
[ citizen-server-impl] server thread hitch warning: timer interval of 194 milliseconds
[ citizen-server-impl] server thread hitch warning: timer interval of 157 milliseconds
[ citizen-server-impl] server thread hitch warning: timer interval of 193 milliseconds
[ citizen-server-impl] server thread hitch warning: timer interval of 161 milliseconds
[ citizen-server-impl] server thread hitch warning: timer interval of 187 milliseconds
[ citizen-server-impl] sync thread hitch warning: timer interval of 159 milliseconds
[ citizen-server-impl] server thread hitch warning: timer interval of 238 milliseconds
[ citizen-server-impl] sync thread hitch warning: timer interval of 118 milliseconds
[ citizen-server-impl] sync thread hitch warning: timer interval of 146 milliseconds
[ citizen-server-impl] server thread hitch warning: timer interval of 252 milliseconds
[ citizen-server-impl] sync thread hitch warning: timer interval of 116 milliseconds
[ citizen-server-impl] sync thread hitch warning: timer interval of 103 milliseconds
[ citizen-server-impl] server thread hitch warning: timer interval of 193 milliseconds
[ citizen-server-impl] server thread hitch warning: timer interval of 161 milliseconds
[ citizen-server-impl] sync thread hitch warning: timer interval of 140 milliseconds
[ citizen-server-impl] server thread hitch warning: timer interval of 157 milliseconds
[ citizen-server-impl] server thread hitch warning: timer interval of 174 milliseconds
[ citizen-server-impl] server thread hitch warning: timer interval of 151 milliseconds
[ citizen-server-impl] server thread hitch warning: timer interval of 161 milliseconds
[ citizen-server-impl] server thread hitch warning: timer interval of 204 milliseconds
[ citizen-server-impl] sync thread hitch warning: timer interval of 115 milliseconds
[ citizen-server-impl] server thread hitch warning: timer interval of 263 milliseconds
[ citizen-server-impl] server thread hitch warning: timer interval of 327 milliseconds
[ citizen-server-impl] sync thread hitch warning: timer interval of 214 milliseconds
[ citizen-server-impl] sync thread hitch warning: timer interval of 310 milliseconds
[ citizen-server-impl] server thread hitch warning: timer interval of 547 milliseconds
[ citizen-server-impl] sync thread hitch warning: timer interval of 261 milliseconds
[ citizen-server-impl] sync thread hitch warning: timer interval of 102 milliseconds
[ citizen-server-impl] sync thread hitch warning: timer interval of 201 milliseconds
[ citizen-server-impl] server thread hitch warning: timer interval of 333 milliseconds
[ citizen-server-impl] sync thread hitch warning: timer interval of 146 milliseconds
[ citizen-server-impl] server thread hitch warning: timer interval of 183 milliseconds
[ citizen-server-impl] sync thread hitch warning: timer interval of 108 milliseconds
[ citizen-server-impl] server thread hitch warning: timer interval of 375 milliseconds
[ citizen-server-impl] sync thread hitch warning: timer interval of 264 milliseconds
[ citizen-server-impl] sync thread hitch warning: timer interval of 106 milliseconds
[ citizen-server-impl] server thread hitch warning: timer interval of 231 milliseconds
[ citizen-server-impl] sync thread hitch warning: timer interval of 143 milliseconds
[ citizen-server-impl] server thread hitch warning: timer interval of 297 milliseconds
[ citizen-server-impl] sync thread hitch warning: timer interval of 146 milliseconds
[ citizen-server-impl] sync thread hitch warning: timer interval of 101 milliseconds
[ citizen-server-impl] sync thread hitch warning: timer interval of 132 milliseconds
[ citizen-server-impl] sync thread hitch warning: timer interval of 207 milliseconds
[ citizen-server-impl] sync thread hitch warning: timer interval of 391 milliseconds
[ citizen-server-impl] server thread hitch warning: timer interval of 685 milliseconds
[ citizen-server-impl] sync thread hitch warning: timer interval of 132 milliseconds
[ citizen-server-impl] server thread hitch warning: timer interval of 203 milliseconds
[ citizen-server-impl] sync thread hitch warning: timer interval of 113 milliseconds
[ citizen-server-impl] server thread hitch warning: timer interval of 157 milliseconds
[ citizen-server-impl] sync thread hitch warning: timer interval of 118 milliseconds
[ citizen-server-impl] sync thread hitch warning: timer interval of 163 milliseconds
[ citizen-server-impl] server thread hitch warning: timer interval of 208 milliseconds
[ citizen-server-impl] server thread hitch warning: timer interval of 188 milliseconds
[ citizen-server-impl] sync thread hitch warning: timer interval of 125 milliseconds
[ citizen-server-impl] server thread hitch warning: timer interval of 239 milliseconds
[ citizen-server-impl] sync thread hitch warning: timer interval of 107 milliseconds
[ citizen-server-impl] server thread hitch warning: timer interval of 175 milliseconds
[ citizen-server-impl] server thread hitch warning: timer interval of 225 milliseconds
[ citizen-server-impl] sync thread hitch warning: timer interval of 136 milliseconds
[ citizen-server-impl] sync thread hitch warning: timer interval of 123 milliseconds
[ citizen-server-impl] sync thread hitch warning: timer interval of 137 milliseconds
[ citizen-server-impl] server thread hitch warning: timer interval of 233 milliseconds
[ citizen-server-impl] sync thread hitch warning: timer interval of 113 milliseconds
[ citizen-server-impl] server thread hitch warning: timer interval of 393 milliseconds
[ citizen-server-impl] server thread hitch warning: timer interval of 302 milliseconds
[ citizen-server-impl] sync thread hitch warning: timer interval of 659 milliseconds
[ citizen-server-impl] server thread hitch warning: timer interval of 221 milliseconds
[ citizen-server-impl] sync thread hitch warning: timer interval of 216 milliseconds
[ citizen-server-impl] sync thread hitch warning: timer interval of 147 milliseconds
[ citizen-server-impl] server thread hitch warning: timer interval of 190 milliseconds
[ citizen-server-impl] sync thread hitch warning: timer interval of 103 milliseconds
[ citizen-server-impl] server thread hitch warning: timer interval of 194 milliseconds
[ citizen-server-impl] sync thread hitch warning: timer interval of 151 milliseconds
[ citizen-server-impl] server thread hitch warning: timer interval of 176 milliseconds
[ citizen-server-impl] sync thread hitch warning: timer interval of 163 milliseconds
[ citizen-server-impl] server thread hitch warning: timer interval of 166 milliseconds
[ citizen-server-impl] sync thread hitch warning: timer interval of 199 milliseconds
[ citizen-server-impl] server thread hitch warning: timer interval of 388 milliseconds
[ citizen-server-impl] server thread hitch warning: timer interval of 618 milliseconds
[ citizen-server-impl] sync thread hitch warning: timer interval of 739 milliseconds
[ citizen-server-impl] server thread hitch warning: timer interval of 268 milliseconds
[ citizen-server-impl] sync thread hitch warning: timer interval of 201 milliseconds
[ citizen-server-impl] sync thread hitch warning: timer interval of 124 milliseconds
[ citizen-server-impl] sync thread hitch warning: timer interval of 232 milliseconds
[ citizen-server-impl] server thread hitch warning: timer interval of 205 milliseconds
[ citizen-server-impl] sync thread hitch warning: timer interval of 282 milliseconds
[ citizen-server-impl] sync thread hitch warning: timer interval of 251 milliseconds
[ citizen-server-impl] server thread hitch warning: timer interval of 492 milliseconds
[ citizen-server-impl] sync thread hitch warning: timer interval of 143 milliseconds
[ citizen-server-impl] server thread hitch warning: timer interval of 306 milliseconds
[ citizen-server-impl] server thread hitch warning: timer interval of 281 milliseconds
[ citizen-server-impl] sync thread hitch warning: timer interval of 169 milliseconds
[ citizen-server-impl] server thread hitch warning: timer interval of 348 milliseconds
[ citizen-server-impl] sync thread hitch warning: timer interval of 223 milliseconds
[ citizen-server-impl] sync thread hitch warning: timer interval of 101 milliseconds
[ citizen-server-impl] sync thread hitch warning: timer interval of 113 milliseconds
[ citizen-server-impl] sync thread hitch warning: timer interval of 205 milliseconds
[ citizen-server-impl] sync thread hitch warning: timer interval of 309 milliseconds
[ citizen-server-impl] sync thread hitch warning: timer interval of 231 milliseconds
[ citizen-server-impl] sync thread hitch warning: timer interval of 188 milliseconds
[ citizen-server-impl] sync thread hitch warning: timer interval of 103 milliseconds
[ citizen-server-impl] sync thread hitch warning: timer interval of 429 milliseconds
[ citizen-server-impl] server thread hitch warning: timer interval of 2458 milliseconds
[ citizen-server-impl] sync thread hitch warning: timer interval of 173 milliseconds
[ citizen-server-impl] server thread hitch warning: timer interval of 391 milliseconds
[ citizen-server-impl] sync thread hitch warning: timer interval of 114 milliseconds
[ citizen-server-impl] server thread hitch warning: timer interval of 161 milliseconds
[ citizen-server-impl] sync thread hitch warning: timer interval of 207 milliseconds
[ citizen-server-impl] server thread hitch warning: timer interval of 323 milliseconds
[ citizen-server-impl] sync thread hitch warning: timer interval of 119 milliseconds
[ citizen-server-impl] sync thread hitch warning: timer interval of 101 milliseconds
[ citizen-server-impl] server thread hitch warning: timer interval of 181 milliseconds
[ citizen-server-impl] sync thread hitch warning: timer interval of 101 milliseconds
[ citizen-server-impl] server thread hitch warning: timer interval of 202 milliseconds
[ citizen-server-impl] sync thread hitch warning: timer interval of 171 milliseconds
[ citizen-server-impl] server thread hitch warning: timer interval of 184 milliseconds
[ citizen-server-impl] sync thread hitch warning: timer interval of 197 milliseconds
[ citizen-server-impl] sync thread hitch warning: timer interval of 201 milliseconds
[ citizen-server-impl] sync thread hitch warning: timer interval of 152 milliseconds
[ citizen-server-impl] server thread hitch warning: timer interval of 768 milliseconds
[ citizen-server-impl] server thread hitch warning: timer interval of 258 milliseconds
[ citizen-server-impl] sync thread hitch warning: timer interval of 415 milliseconds
[ citizen-server-impl] server thread hitch warning: timer interval of 282 milliseconds
[ citizen-server-impl] sync thread hitch warning: timer interval of 191 milliseconds
[ citizen-server-impl] sync thread hitch warning: timer interval of 174 milliseconds
[ citizen-server-impl] sync thread hitch warning: timer interval of 137 milliseconds
[ citizen-server-impl] server thread hitch warning: timer interval of 504 milliseconds
[ citizen-server-impl] server thread hitch warning: timer interval of 198 milliseconds
[ citizen-server-impl] sync thread hitch warning: timer interval of 134 milliseconds
[ citizen-server-impl] server thread hitch warning: timer interval of 176 milliseconds
[ citizen-server-impl] sync thread hitch warning: timer interval of 183 milliseconds
[ citizen-server-impl] server thread hitch warning: timer interval of 170 milliseconds
[ citizen-server-impl] sync thread hitch warning: timer interval of 156 milliseconds
[ citizen-server-impl] server thread hitch warning: timer interval of 314 milliseconds
[ citizen-server-impl] network thread hitch warning: timer interval of 182 milliseconds
[ citizen-server-impl] sync thread hitch warning: timer interval of 105 milliseconds
[ citizen-server-impl] server thread hitch warning: timer interval of 168 milliseconds
[ citizen-server-impl] sync thread hitch warning: timer interval of 167 milliseconds
[ citizen-server-impl] server thread hitch warning: timer interval of 266 milliseconds
[ citizen-server-impl] sync thread hitch warning: timer interval of 103 milliseconds
[ citizen-server-impl] sync thread hitch warning: timer interval of 123 milliseconds
[ citizen-server-impl] server thread hitch warning: timer interval of 266 milliseconds
[ citizen-server-impl] server thread hitch warning: timer interval of 227 milliseconds
[ citizen-server-impl] server thread hitch warning: timer interval of 163 milliseconds
[ citizen-server-impl] server thread hitch warning: timer interval of 166 milliseconds
[ citizen-server-impl] sync thread hitch warning: timer interval of 110 milliseconds
[ citizen-server-impl] server thread hitch warning: timer interval of 168 milliseconds
[ citizen-server-impl] sync thread hitch warning: timer interval of 111 milliseconds
[ citizen-server-impl] server thread hitch warning: timer interval of 218 milliseconds
[ citizen-server-impl] sync thread hitch warning: timer interval of 110 milliseconds
[ citizen-server-impl] server thread hitch warning: timer interval of 218 milliseconds
[ citizen-server-impl] server thread hitch warning: timer interval of 155 milliseconds
[ citizen-server-impl] server thread hitch warning: timer interval of 160 milliseconds
[ citizen-server-impl] server thread hitch warning: timer interval of 157 milliseconds
[ citizen-server-impl] server thread hitch warning: timer interval of 157 milliseconds
[ citizen-server-impl] server thread hitch warning: timer interval of 159 milliseconds
[ citizen-server-impl] server thread hitch warning: timer interval of 233 milliseconds
[ citizen-server-impl] sync thread hitch warning: timer interval of 102 milliseconds
[ citizen-server-impl] server thread hitch warning: timer interval of 175 milliseconds
[ citizen-server-impl] sync thread hitch warning: timer interval of 112 milliseconds
[ citizen-server-impl] sync thread hitch warning: timer interval of 149 milliseconds
[ citizen-server-impl] server thread hitch warning: timer interval of 268 milliseconds
[ citizen-server-impl] server thread hitch warning: timer interval of 169 milliseconds
[ citizen-server-impl] server thread hitch warning: timer interval of 210 milliseconds
[ citizen-server-impl] sync thread hitch warning: timer interval of 117 milliseconds
[ citizen-server-impl] sync thread hitch warning: timer interval of 104 milliseconds
[ citizen-server-impl] server thread hitch warning: timer interval of 175 milliseconds
[ citizen-server-impl] sync thread hitch warning: timer interval of 105 milliseconds
[ citizen-server-impl] server thread hitch warning: timer interval of 175 milliseconds
[ citizen-server-impl] sync thread hitch warning: timer interval of 103 milliseconds
[ citizen-server-impl] server thread hitch warning: timer interval of 196 milliseconds
[ citizen-server-impl] server thread hitch warning: timer interval of 220 milliseconds
[ citizen-server-impl] sync thread hitch warning: timer interval of 102 milliseconds
[ citizen-server-impl] server thread hitch warning: timer interval of 180 milliseconds
[ citizen-server-impl] sync thread hitch warning: timer interval of 131 milliseconds
[ citizen-server-impl] server thread hitch warning: timer interval of 234 milliseconds
[ citizen-server-impl] server thread hitch warning: timer interval of 239 milliseconds
[ citizen-server-impl] sync thread hitch warning: timer interval of 107 milliseconds
[ citizen-server-impl] sync thread hitch warning: timer interval of 127 milliseconds
[ citizen-server-impl] server thread hitch warning: timer interval of 172 milliseconds
[ citizen-server-impl] sync thread hitch warning: timer interval of 139 milliseconds
[ citizen-server-impl] server thread hitch warning: timer interval of 228 milliseconds
[ citizen-server-impl] sync thread hitch warning: timer interval of 120 milliseconds
[ citizen-server-impl] server thread hitch warning: timer interval of 170 milliseconds
[ citizen-server-impl] sync thread hitch warning: timer interval of 136 milliseconds
[ citizen-server-impl] server thread hitch warning: timer interval of 186 milliseconds
[ citizen-server-impl] server thread hitch warning: timer interval of 267 milliseconds
[ citizen-server-impl] sync thread hitch warning: timer interval of 162 milliseconds
[ citizen-server-impl] server thread hitch warning: timer interval of 169 milliseconds
[ citizen-server-impl] server thread hitch warning: timer interval of 264 milliseconds
[ citizen-server-impl] server thread hitch warning: timer interval of 233 milliseconds
[ citizen-server-impl] server thread hitch warning: timer interval of 155 milliseconds
[ citizen-server-impl] sync thread hitch warning: timer interval of 109 milliseconds
[ citizen-server-impl] server thread hitch warning: timer interval of 218 milliseconds
[ citizen-server-impl] server thread hitch warning: timer interval of 170 milliseconds
[ citizen-server-impl] server thread hitch warning: timer interval of 228 milliseconds
[ citizen-server-impl] sync thread hitch warning: timer interval of 113 milliseconds
[ citizen-server-impl] server thread hitch warning: timer interval of 261 milliseconds
[ citizen-server-impl] server thread hitch warning: timer interval of 183 milliseconds
[ citizen-server-impl] Server list query returned an error: server request failed: server request failed for endpoint https://95.91.242.117:30120/dynamic.json (Get "https://95.91.242.117:30120/dynamic.json": read tcp 10.0.5.117:58990->95.91.242.117:30120: read: connection reset by peer)
[ citizen-server-impl] server thread hitch warning: timer interval of 158 milliseconds
[ citizen-server-impl] server thread hitch warning: timer interval of 332 milliseconds
[ citizen-server-impl] server thread hitch warning: timer interval of 162 milliseconds
[ citizen-server-impl] server thread hitch warning: timer interval of 151 milliseconds
[ citizen-server-impl] Server list query returned an error: server request failed: server request failed for endpoint https://95.91.242.117:30120/info.json (Get "https://95.91.242.117:30120/info.json": read tcp 10.0.9.33:50036->95.91.242.117:30120: read: connection reset by peer)
[ citizen-server-impl] server thread hitch warning: timer interval of 157 milliseconds
[ citizen-server-impl] sync thread hitch warning: timer interval of 154 milliseconds
[ citizen-server-impl] server thread hitch warning: timer interval of 201 milliseconds
[ citizen-server-impl] server thread hitch warning: timer interval of 155 milliseconds
[ citizen-server-impl] server thread hitch warning: timer interval of 169 milliseconds
[ citizen-server-impl] server thread hitch warning: timer interval of 160 milliseconds
[ citizen-server-impl] server thread hitch warning: timer interval of 180 milliseconds
[ citizen-server-impl] sync thread hitch warning: timer interval of 163 milliseconds
[ citizen-server-impl] server thread hitch warning: timer interval of 313 milliseconds
[ citizen-server-impl] server thread hitch warning: timer interval of 172 milliseconds
[ citizen-server-impl] sync thread hitch warning: timer interval of 126 milliseconds
[ citizen-server-impl] server thread hitch warning: timer interval of 193 milliseconds
[ citizen-server-impl] server thread hitch warning: timer interval of 161 milliseconds
[ citizen-server-impl] sync thread hitch warning: timer interval of 107 milliseconds
[ citizen-server-impl] sync thread hitch warning: timer interval of 141 milliseconds
[ citizen-server-impl] server thread hitch warning: timer interval of 222 milliseconds
[ citizen-server-impl] server thread hitch warning: timer interval of 166 milliseconds
[ citizen-server-impl] server thread hitch warning: timer interval of 185 milliseconds
[ citizen-server-impl] server thread hitch warning: timer interval of 151 milliseconds
[ citizen-server-impl] server thread hitch warning: timer interval of 187 milliseconds
[ citizen-server-impl] server thread hitch warning: timer interval of 219 milliseconds
[ citizen-server-impl] server thread hitch warning: timer interval of 152 milliseconds
[ citizen-server-impl] sync thread hitch warning: timer interval of 163 milliseconds
[ citizen-server-impl] server thread hitch warning: timer interval of 1260 milliseconds
[ citizen-server-impl] server thread hitch warning: timer interval of 178 milliseconds
[ citizen-server-impl] server thread hitch warning: timer interval of 166 milliseconds
[ citizen-server-impl] server thread hitch warning: timer interval of 183 milliseconds
[ citizen-server-impl] sync thread hitch warning: timer interval of 135 milliseconds
[ citizen-server-impl] server thread hitch warning: timer interval of 210 milliseconds
[ citizen-server-impl] sync thread hitch warning: timer interval of 114 milliseconds
[ citizen-server-impl] server thread hitch warning: timer interval of 164 milliseconds
[ citizen-server-impl] server thread hitch warning: timer interval of 265 milliseconds
[ citizen-server-impl] server thread hitch warning: timer interval of 168 milliseconds
[ citizen-server-impl] server thread hitch warning: timer interval of 303 milliseconds
[ citizen-server-impl] sync thread hitch warning: timer interval of 251 milliseconds
[ citizen-server-impl] server thread hitch warning: timer interval of 181 milliseconds
[ citizen-server-impl] sync thread hitch warning: timer interval of 334 milliseconds
[ citizen-server-impl] network thread hitch warning: timer interval of 393 milliseconds
[ citizen-server-impl] server thread hitch warning: timer interval of 494 milliseconds
[ citizen-server-impl] sync thread hitch warning: timer interval of 368 milliseconds
[ citizen-server-impl] server thread hitch warning: timer interval of 459 milliseconds
[ citizen-server-impl] server thread hitch warning: timer interval of 168 milliseconds
[ citizen-server-impl] sync thread hitch warning: timer interval of 127 milliseconds
[ citizen-server-impl] server thread hitch warning: timer interval of 179 milliseconds
[ citizen-server-impl] Server list query returned an error: server request failed: server request failed for endpoint https://95.91.242.117:30120/dynamic.json (Get "https://95.91.242.117:30120/dynamic.json": read tcp 10.0.9.33:39820->95.91.242.117:30120: read: connection reset by peer)
[ citizen-server-impl] server thread hitch warning: timer interval of 278 milliseconds
[ citizen-server-impl] server thread hitch warning: timer interval of 152 milliseconds
[ citizen-server-impl] server thread hitch warning: timer interval of 153 milliseconds
[ citizen-server-impl] server thread hitch warning: timer interval of 177 milliseconds
[ citizen-server-impl] server thread hitch warning: timer interval of 153 milliseconds
[ citizen-server-impl] Server list query returned an error: server request failed: server request failed for endpoint https://95.91.242.117:30120/players.json (Get "https://95.91.242.117:30120/players.json": read tcp 10.0.6.21:42810->95.91.242.117:30120: read: connection reset by peer)
[ citizen-server-impl] server thread hitch warning: timer interval of 212 milliseconds
[ citizen-server-impl] sync thread hitch warning: timer interval of 139 milliseconds
[ citizen-server-impl] sync thread hitch warning: timer interval of 102 milliseconds
[ citizen-server-impl] network thread hitch warning: timer interval of 162 milliseconds
[ citizen-server-impl] server thread hitch warning: timer interval of 341 milliseconds
[ citizen-server-impl] sync thread hitch warning: timer interval of 164 milliseconds
[ citizen-server-impl] sync thread hitch warning: timer interval of 162 milliseconds
[ citizen-server-impl] server thread hitch warning: timer interval of 181 milliseconds
[ citizen-server-impl] sync thread hitch warning: timer interval of 108 milliseconds
[ citizen-server-impl] sync thread hitch warning: timer interval of 129 milliseconds
[ citizen-server-impl] sync thread hitch warning: timer interval of 144 milliseconds
[ citizen-server-impl] server thread hitch warning: timer interval of 1128 milliseconds
[ citizen-server-impl] server thread hitch warning: timer interval of 162 milliseconds
[ citizen-server-impl] server thread hitch warning: timer interval of 198 milliseconds
[ citizen-server-impl] sync thread hitch warning: timer interval of 123 milliseconds
[ citizen-server-impl] sync thread hitch warning: timer interval of 150 milliseconds
[ citizen-server-impl] server thread hitch warning: timer interval of 217 milliseconds
[ citizen-server-impl] sync thread hitch warning: timer interval of 145 milliseconds
[ citizen-server-impl] sync thread hitch warning: timer interval of 121 milliseconds
[ citizen-server-impl] server thread hitch warning: timer interval of 217 milliseconds
[ citizen-server-impl] sync thread hitch warning: timer interval of 147 milliseconds
[ citizen-server-impl] sync thread hitch warning: timer interval of 131 milliseconds
[ citizen-server-impl] server thread hitch warning: timer interval of 152 milliseconds
[ citizen-server-impl] sync thread hitch warning: timer interval of 129 milliseconds
[ citizen-server-impl] server thread hitch warning: timer interval of 157 milliseconds
[ citizen-server-impl] sync thread hitch warning: timer interval of 129 milliseconds
[ citizen-server-impl] Server list query returned an error: server request failed: server request failed for endpoint https://95.91.242.117:30120/info.json (Get "https://95.91.242.117:30120/info.json": read tcp 10.0.2.48:48430->95.91.242.117:30120: read: connection reset by peer)
[ citizen-server-impl] sync thread hitch warning: timer interval of 120 milliseconds
[ citizen-server-impl] server thread hitch warning: timer interval of 178 milliseconds
[ citizen-server-impl] sync thread hitch warning: timer interval of 111 milliseconds
[ citizen-server-impl] server thread hitch warning: timer interval of 254 milliseconds
[ citizen-server-impl] server thread hitch warning: timer interval of 214 milliseconds
[ citizen-server-impl] server thread hitch warning: timer interval of 176 milliseconds
[ citizen-server-impl] server thread hitch warning: timer interval of 185 milliseconds
[ citizen-server-impl] Server list query returned an error: server request failed: server request failed for endpoint https://95.91.242.117:30120/info.json (Get "https://95.91.242.117:30120/info.json": read tcp 10.0.5.117:53388->95.91.242.117:30120: read: connection reset by peer)
[ citizen-server-impl] server thread hitch warning: timer interval of 159 milliseconds
[ citizen-server-impl] server thread hitch warning: timer interval of 152 milliseconds
[ citizen-server-impl] sync thread hitch warning: timer interval of 106 milliseconds
[ citizen-server-impl] Server list query returned an error: server request failed: server request failed for endpoint https://95.91.242.117:30120/dynamic.json (Get "https://95.91.242.117:30120/dynamic.json": read tcp 10.0.6.21:55834->95.91.242.117:30120: read: connection reset by peer)
[ citizen-server-impl] server thread hitch warning: timer interval of 194 milliseconds
[ citizen-server-impl] server thread hitch warning: timer interval of 151 milliseconds
[ citizen-server-impl] sync thread hitch warning: timer interval of 123 milliseconds
[ citizen-server-impl] server thread hitch warning: timer interval of 168 milliseconds
[ citizen-server-impl] server thread hitch warning: timer interval of 182 milliseconds
[ citizen-server-impl] server thread hitch warning: timer interval of 162 milliseconds
[ citizen-server-impl] server thread hitch warning: timer interval of 156 milliseconds
[ citizen-server-impl] sync thread hitch warning: timer interval of 112 milliseconds
[ citizen-server-impl] server thread hitch warning: timer interval of 179 milliseconds
[ citizen-server-impl] sync thread hitch warning: timer interval of 102 milliseconds
[ citizen-server-impl] server thread hitch warning: timer interval of 159 milliseconds
[ citizen-server-impl] server thread hitch warning: timer interval of 231 milliseconds
[ citizen-server-impl] sync thread hitch warning: timer interval of 108 milliseconds
[ citizen-server-impl] server thread hitch warning: timer interval of 208 milliseconds
[ citizen-server-impl] server thread hitch warning: timer interval of 164 milliseconds
[ citizen-server-impl] Server list query returned an error: server request failed: server request failed for endpoint https://95.91.242.117:30120/dynamic.json (Get "https://95.91.242.117:30120/dynamic.json": read tcp 10.0.12.30:59106->95.91.242.117:30120: read: connection reset by peer)
[ citizen-server-impl] server thread hitch warning: timer interval of 180 milliseconds
[ citizen-server-impl] Server list query returned an error: server request failed: server request failed for endpoint https://95.91.242.117:30120/info.json (Get "https://95.91.242.117:30120/info.json": read tcp 10.0.5.118:58684->95.91.242.117:30120: read: connection reset by peer)
[ citizen-server-impl] server thread hitch warning: timer interval of 158 milliseconds
[ citizen-server-impl] sync thread hitch warning: timer interval of 105 milliseconds
[ citizen-server-impl] sync thread hitch warning: timer interval of 109 milliseconds
[ citizen-server-impl] server thread hitch warning: timer interval of 221 milliseconds
[ citizen-server-impl] sync thread hitch warning: timer interval of 110 milliseconds
[ citizen-server-impl] server thread hitch warning: timer interval of 197 milliseconds
[ citizen-server-impl] sync thread hitch warning: timer interval of 102 milliseconds
[ citizen-server-impl] sync thread hitch warning: timer interval of 112 milliseconds
[ citizen-server-impl] server thread hitch warning: timer interval of 168 milliseconds
[ citizen-server-impl] sync thread hitch warning: timer interval of 101 milliseconds
[ citizen-server-impl] sync thread hitch warning: timer interval of 107 milliseconds
[ citizen-server-impl] server thread hitch warning: timer interval of 665 milliseconds
[ citizen-server-impl] server thread hitch warning: timer interval of 211 milliseconds
[ citizen-server-impl] sync thread hitch warning: timer interval of 105 milliseconds
[ citizen-server-impl] sync thread hitch warning: timer interval of 234 milliseconds
[ citizen-server-impl] server thread hitch warning: timer interval of 325 milliseconds
[ citizen-server-impl] sync thread hitch warning: timer interval of 144 milliseconds
[ citizen-server-impl] server thread hitch warning: timer interval of 232 milliseconds
[ citizen-server-impl] server thread hitch warning: timer interval of 169 milliseconds
[ citizen-server-impl] server thread hitch warning: timer interval of 448 milliseconds
[ citizen-server-impl] sync thread hitch warning: timer interval of 119 milliseconds
[ citizen-server-impl] server thread hitch warning: timer interval of 180 milliseconds
[ citizen-server-impl] sync thread hitch warning: timer interval of 194 milliseconds
[ citizen-server-impl] server thread hitch warning: timer interval of 239 milliseconds
[ citizen-server-impl] sync thread hitch warning: timer interval of 103 milliseconds
[ citizen-server-impl] server thread hitch warning: timer interval of 166 milliseconds
[ citizen-server-impl] sync thread hitch warning: timer interval of 150 milliseconds
[ citizen-server-impl] server thread hitch warning: timer interval of 212 milliseconds
[ citizen-server-impl] sync thread hitch warning: timer interval of 253 milliseconds
[ citizen-server-impl] server thread hitch warning: timer interval of 317 milliseconds
[ citizen-server-impl] sync thread hitch warning: timer interval of 109 milliseconds
[ citizen-server-impl] server thread hitch warning: timer interval of 164 milliseconds
[ citizen-server-impl] server thread hitch warning: timer interval of 244 milliseconds
[ citizen-server-impl] sync thread hitch warning: timer interval of 162 milliseconds
[ citizen-server-impl] sync thread hitch warning: timer interval of 221 milliseconds
[ citizen-server-impl] server thread hitch warning: timer interval of 299 milliseconds
[ citizen-server-impl] network thread hitch warning: timer interval of 238 milliseconds
[ citizen-server-impl] sync thread hitch warning: timer interval of 112 milliseconds
[ citizen-server-impl] Server list query returned an error: server request failed: server request failed for endpoint https://95.91.242.117:30120/dynamic.json (Get "https://95.91.242.117:30120/dynamic.json": read tcp 10.0.12.29:54846->95.91.242.117:30120: read: connection reset by peer)
[ citizen-server-impl] sync thread hitch warning: timer interval of 196 milliseconds
[ citizen-server-impl] server thread hitch warning: timer interval of 272 milliseconds
[ citizen-server-impl] sync thread hitch warning: timer interval of 104 milliseconds
[ citizen-server-impl] server thread hitch warning: timer interval of 152 milliseconds
[ citizen-server-impl] sync thread hitch warning: timer interval of 129 milliseconds
[ citizen-server-impl] sync thread hitch warning: timer interval of 135 milliseconds
[ citizen-server-impl] server thread hitch warning: timer interval of 182 milliseconds
[ citizen-server-impl] server thread hitch warning: timer interval of 158 milliseconds
[ citizen-server-impl] sync thread hitch warning: timer interval of 225 milliseconds
[ citizen-server-impl] server thread hitch warning: timer interval of 249 milliseconds
[ citizen-server-impl] server thread hitch warning: timer interval of 250 milliseconds
[ citizen-server-impl] sync thread hitch warning: timer interval of 233 milliseconds
[ citizen-server-impl] server thread hitch warning: timer interval of 165 milliseconds
[ citizen-server-impl] sync thread hitch warning: timer interval of 162 milliseconds
[ citizen-server-impl] server thread hitch warning: timer interval of 167 milliseconds
[ citizen-server-impl] sync thread hitch warning: timer interval of 262 milliseconds
[ citizen-server-impl] server thread hitch warning: timer interval of 318 milliseconds
[ citizen-server-impl] server thread hitch warning: timer interval of 441 milliseconds
[ citizen-server-impl] server thread hitch warning: timer interval of 215 milliseconds
[ citizen-server-impl] sync thread hitch warning: timer interval of 116 milliseconds
[ citizen-server-impl] sync thread hitch warning: timer interval of 130 milliseconds
[ citizen-server-impl] server thread hitch warning: timer interval of 252 milliseconds
[ citizen-server-impl] Server list query returned an error: server request failed: server request failed for endpoint https://95.91.242.117:30120/players.json (Get "https://95.91.242.117:30120/players.json": read tcp 10.0.12.29:57138->95.91.242.117:30120: read: connection reset by peer)
[ citizen-server-impl] server thread hitch warning: timer interval of 185 milliseconds
[ citizen-server-impl] sync thread hitch warning: timer interval of 116 milliseconds
[ citizen-server-impl] sync thread hitch warning: timer interval of 135 milliseconds
[ citizen-server-impl] server thread hitch warning: timer interval of 254 milliseconds
[ citizen-server-impl] server thread hitch warning: timer interval of 170 milliseconds
[ citizen-server-impl] sync thread hitch warning: timer interval of 123 milliseconds
[ citizen-server-impl] server thread hitch warning: timer interval of 185 milliseconds
[ citizen-server-impl] server thread hitch warning: timer interval of 226 milliseconds
[ citizen-server-impl] sync thread hitch warning: timer interval of 141 milliseconds
[ citizen-server-impl] server thread hitch warning: timer interval of 199 milliseconds
[ citizen-server-impl] sync thread hitch warning: timer interval of 134 milliseconds
[ citizen-server-impl] server thread hitch warning: timer interval of 225 milliseconds
[ citizen-server-impl] server thread hitch warning: timer interval of 152 milliseconds
[ citizen-server-impl] server thread hitch warning: timer interval of 199 milliseconds
[ citizen-server-impl] server thread hitch warning: timer interval of 185 milliseconds
[ citizen-server-impl] sync thread hitch warning: timer interval of 174 milliseconds
[ citizen-server-impl] server thread hitch warning: timer interval of 232 milliseconds
[ citizen-server-impl] sync thread hitch warning: timer interval of 110 milliseconds
[ citizen-server-impl] server thread hitch warning: timer interval of 220 milliseconds
[ citizen-server-impl] sync thread hitch warning: timer interval of 101 milliseconds
[ citizen-server-impl] sync thread hitch warning: timer interval of 133 milliseconds
[ citizen-server-impl] server thread hitch warning: timer interval of 278 milliseconds
[ citizen-server-impl] server thread hitch warning: timer interval of 153 milliseconds
[ citizen-server-impl] server thread hitch warning: timer interval of 357 milliseconds
[ citizen-server-impl] server thread hitch warning: timer interval of 206 milliseconds
[ citizen-server-impl] sync thread hitch warning: timer interval of 213 milliseconds
[ citizen-server-impl] server thread hitch warning: timer interval of 242 milliseconds
[ citizen-server-impl] Server list query returned an error: server request failed: server request failed for endpoint https://95.91.242.117:30120/players.json (Get "https://95.91.242.117:30120/players.json": read tcp 10.0.5.118:57766->95.91.242.117:30120: read: connection reset by peer)
[ citizen-server-impl] server thread hitch warning: timer interval of 295 milliseconds
[ citizen-server-impl] sync thread hitch warning: timer interval of 196 milliseconds
[ citizen-server-impl] server thread hitch warning: timer interval of 172 milliseconds
[ citizen-server-impl] sync thread hitch warning: timer interval of 113 milliseconds
[ citizen-server-impl] server thread hitch warning: timer interval of 162 milliseconds
[ citizen-server-impl] sync thread hitch warning: timer interval of 104 milliseconds
[ citizen-server-impl] sync thread hitch warning: timer interval of 117 milliseconds
[ citizen-server-impl] server thread hitch warning: timer interval of 192 milliseconds
[ citizen-server-impl] sync thread hitch warning: timer interval of 104 milliseconds
[ citizen-server-impl] sync thread hitch warning: timer interval of 150 milliseconds
[ citizen-server-impl] server thread hitch warning: timer interval of 207 milliseconds
[ citizen-server-impl] server thread hitch warning: timer interval of 160 milliseconds
[ citizen-server-impl] sync thread hitch warning: timer interval of 124 milliseconds
[ citizen-server-impl] server thread hitch warning: timer interval of 234 milliseconds
[ citizen-server-impl] server thread hitch warning: timer interval of 157 milliseconds
[ citizen-server-impl] sync thread hitch warning: timer interval of 141 milliseconds
[ citizen-server-impl] server thread hitch warning: timer interval of 201 milliseconds
[ citizen-server-impl] sync thread hitch warning: timer interval of 239 milliseconds
[ citizen-server-impl] server thread hitch warning: timer interval of 256 milliseconds
[ citizen-server-impl] server thread hitch warning: timer interval of 152 milliseconds
[ citizen-server-impl] sync thread hitch warning: timer interval of 150 milliseconds
[ citizen-server-impl] sync thread hitch warning: timer interval of 152 milliseconds
[ citizen-server-impl] server thread hitch warning: timer interval of 356 milliseconds
[ citizen-server-impl] sync thread hitch warning: timer interval of 145 milliseconds
[ citizen-server-impl] server thread hitch warning: timer interval of 263 milliseconds
[ citizen-server-impl] server thread hitch warning: timer interval of 201 milliseconds
[ citizen-server-impl] server thread hitch warning: timer interval of 268 milliseconds
[ citizen-server-impl] server thread hitch warning: timer interval of 152 milliseconds
[ citizen-server-impl] server thread hitch warning: timer interval of 332 milliseconds
[ citizen-server-impl] sync thread hitch warning: timer interval of 350 milliseconds
[ citizen-server-impl] sync thread hitch warning: timer interval of 128 milliseconds
[ citizen-server-impl] server thread hitch warning: timer interval of 330 milliseconds
[ citizen-server-impl] sync thread hitch warning: timer interval of 126 milliseconds
[ citizen-server-impl] server thread hitch warning: timer interval of 387 milliseconds
[ citizen-server-impl] sync thread hitch warning: timer interval of 223 milliseconds
[ citizen-server-impl] sync thread hitch warning: timer interval of 142 milliseconds
[ citizen-server-impl] server thread hitch warning: timer interval of 160 milliseconds
[ citizen-server-impl] sync thread hitch warning: timer interval of 252 milliseconds
[ citizen-server-impl] server thread hitch warning: timer interval of 428 milliseconds
[ citizen-server-impl] server thread hitch warning: timer interval of 254 milliseconds
[ citizen-server-impl] sync thread hitch warning: timer interval of 134 milliseconds
[ citizen-server-impl] server thread hitch warning: timer interval of 155 milliseconds
[ citizen-server-impl] server thread hitch warning: timer interval of 303 milliseconds
[ citizen-server-impl] server thread hitch warning: timer interval of 183 milliseconds
[ citizen-server-impl] sync thread hitch warning: timer interval of 133 milliseconds
[ citizen-server-impl] server thread hitch warning: timer interval of 185 milliseconds
[ citizen-server-impl] sync thread hitch warning: timer interval of 235 milliseconds
[ citizen-server-impl] sync thread hitch warning: timer interval of 222 milliseconds
[ citizen-server-impl] sync thread hitch warning: timer interval of 157 milliseconds
[ citizen-server-impl] server thread hitch warning: timer interval of 634 milliseconds
[ citizen-server-impl] sync thread hitch warning: timer interval of 142 milliseconds
[ citizen-server-impl] server thread hitch warning: timer interval of 279 milliseconds
[ citizen-server-impl] sync thread hitch warning: timer interval of 153 milliseconds
[ citizen-server-impl] server thread hitch warning: timer interval of 609 milliseconds
[ citizen-server-impl] sync thread hitch warning: timer interval of 448 milliseconds
[ citizen-server-impl] sync thread hitch warning: timer interval of 180 milliseconds
[ citizen-server-impl] network thread hitch warning: timer interval of 239 milliseconds
[ citizen-server-impl] server thread hitch warning: timer interval of 284 milliseconds
[ citizen-server-impl] sync thread hitch warning: timer interval of 143 milliseconds
[ citizen-server-impl] server thread hitch warning: timer interval of 217 milliseconds
[ citizen-server-impl] server thread hitch warning: timer interval of 236 milliseconds
[ citizen-server-impl] sync thread hitch warning: timer interval of 103 milliseconds
[ citizen-server-impl] server thread hitch warning: timer interval of 185 milliseconds
[ citizen-server-impl] sync thread hitch warning: timer interval of 103 milliseconds
[ citizen-server-impl] server thread hitch warning: timer interval of 151 milliseconds
[ citizen-server-impl] sync thread hitch warning: timer interval of 108 milliseconds
[ citizen-server-impl] server thread hitch warning: timer interval of 197 milliseconds
[ citizen-server-impl] sync thread hitch warning: timer interval of 157 milliseconds
[ citizen-server-impl] network thread hitch warning: timer interval of 159 milliseconds
[ citizen-server-impl] sync thread hitch warning: timer interval of 105 milliseconds
[ citizen-server-impl] Server list query returned an error: server request failed: server request failed for endpoint https://95.91.242.117:30120/info.json (Get "https://95.91.242.117:30120/info.json": read tcp 10.0.9.33:51736->95.91.242.117:30120: read: connection reset by peer)
[ citizen-server-impl] sync thread hitch warning: timer interval of 132 milliseconds
[ citizen-server-impl] server thread hitch warning: timer interval of 282 milliseconds
[ citizen-server-impl] sync thread hitch warning: timer interval of 118 milliseconds
[ citizen-server-impl] sync thread hitch warning: timer interval of 127 milliseconds
[ citizen-server-impl] server thread hitch warning: timer interval of 174 milliseconds
[ citizen-server-impl] sync thread hitch warning: timer interval of 117 milliseconds
[ citizen-server-impl] server thread hitch warning: timer interval of 171 milliseconds
[ citizen-server-impl] sync thread hitch warning: timer interval of 153 milliseconds
[ citizen-server-impl] server thread hitch warning: timer interval of 184 milliseconds
[ citizen-server-impl] server thread hitch warning: timer interval of 151 milliseconds
[ citizen-server-impl] server thread hitch warning: timer interval of 724 milliseconds
[ citizen-server-impl] sync thread hitch warning: timer interval of 110 milliseconds
[ citizen-server-impl] server thread hitch warning: timer interval of 194 milliseconds
[ citizen-server-impl] server thread hitch warning: timer interval of 152 milliseconds
[ citizen-server-impl] sync thread hitch warning: timer interval of 177 milliseconds
[ citizen-server-impl] server thread hitch warning: timer interval of 270 milliseconds
[ citizen-server-impl] server thread hitch warning: timer interval of 161 milliseconds
[ citizen-server-impl] Server list query returned an error: server request failed: server request failed for endpoint https://95.91.242.117:30120/dynamic.json (Get "https://95.91.242.117:30120/dynamic.json": read tcp 10.0.12.30:39148->95.91.242.117:30120: read: connection reset by peer)
[ citizen-server-impl] Server list query returned an error: server request failed: server request failed for endpoint https://95.91.242.117:30120/players.json (Get "https://95.91.242.117:30120/players.json": read tcp 10.0.12.29:35422->95.91.242.117:30120: read: connection reset by peer)
[ citizen-server-impl] server thread hitch warning: timer interval of 153 milliseconds
[ citizen-server-impl] server thread hitch warning: timer interval of 160 milliseconds
[ citizen-server-impl] sync thread hitch warning: timer interval of 144 milliseconds
[ citizen-server-impl] server thread hitch warning: timer interval of 208 milliseconds
[ citizen-server-impl] sync thread hitch warning: timer interval of 228 milliseconds
[ citizen-server-impl] sync thread hitch warning: timer interval of 212 milliseconds
[ citizen-server-impl] server thread hitch warning: timer interval of 465 milliseconds
[ citizen-server-impl] network thread hitch warning: timer interval of 275 milliseconds
[ citizen-server-impl] sync thread hitch warning: timer interval of 454 milliseconds
[ citizen-server-impl] server thread hitch warning: timer interval of 491 milliseconds
[ citizen-server-impl] sync thread hitch warning: timer interval of 333 milliseconds
[ citizen-server-impl] network thread hitch warning: timer interval of 321 milliseconds
[ citizen-server-impl] sync thread hitch warning: timer interval of 163 milliseconds
[ citizen-server-impl] server thread hitch warning: timer interval of 498 milliseconds
[ citizen-server-impl] server thread hitch warning: timer interval of 166 milliseconds
[ citizen-server-impl] server thread hitch warning: timer interval of 156 milliseconds
[ citizen-server-impl] sync thread hitch warning: timer interval of 120 milliseconds
[ citizen-server-impl] server thread hitch warning: timer interval of 210 milliseconds
[ citizen-server-impl] server thread hitch warning: timer interval of 171 milliseconds
[ citizen-server-impl] sync thread hitch warning: timer interval of 146 milliseconds
[ citizen-server-impl] sync thread hitch warning: timer interval of 174 milliseconds
[ citizen-server-impl] sync thread hitch warning: timer interval of 134 milliseconds
[ citizen-server-impl] server thread hitch warning: timer interval of 397 milliseconds
[ citizen-server-impl] server thread hitch warning: timer interval of 160 milliseconds
[ citizen-server-impl] server thread hitch warning: timer interval of 189 milliseconds
[ citizen-server-impl] server thread hitch warning: timer interval of 855 milliseconds
[ citizen-server-impl] server thread hitch warning: timer interval of 157 milliseconds
[ citizen-server-impl] server thread hitch warning: timer interval of 161 milliseconds
[ citizen-server-impl] server thread hitch warning: timer interval of 157 milliseconds
[ citizen-server-impl] sync thread hitch warning: timer interval of 104 milliseconds
[ citizen-server-impl] sync thread hitch warning: timer interval of 109 milliseconds
[ citizen-server-impl] server thread hitch warning: timer interval of 605 milliseconds
[ citizen-server-impl] server thread hitch warning: timer interval of 822 milliseconds
║             TXADMIN║ txaReportResources 
[      script:monitor] [txAdmin] Sending resources list to txAdmin.
[ citizen-server-impl] server thread hitch warning: timer interval of 177 milliseconds
[ citizen-server-impl] server thread hitch warning: timer interval of 193 milliseconds
[ citizen-server-impl] server thread hitch warning: timer interval of 153 milliseconds
║             TXADMIN║ txaEvent "serverShuttingDown" "{\"delay\":5000,\"author\":\"mcpeaps_HD\",\"message\":\"Server wird heruntergefahren (admin request).\"}"
[      script:monitor] [txAdmin] Server shutting down. Kicking all players.
[script:fivem-cbps-me] [CBPS Menu] Player dropped: [txAdmin] Server wird heruntergefahren (admin request).
[ citizen-server-impl] server thread hitch warning: timer interval of 739 milliseconds
[ citizen-server-impl] server thread hitch warning: timer interval of 152 milliseconds
[ citizen-server-impl] sync thread hitch warning: timer interval of 171 milliseconds
[ citizen-server-impl] network thread hitch warning: timer interval of 187 milliseconds
[ citizen-server-impl] server thread hitch warning: timer interval of 190 milliseconds
[ citizen-server-impl] sync thread hitch warning: timer interval of 113 milliseconds
[ citizen-server-impl] sync thread hitch warning: timer interval of 110 milliseconds
[ citizen-server-impl] sync thread hitch warning: timer interval of 101 milliseconds
[ citizen-server-impl] server thread hitch warning: timer interval of 217 milliseconds
[ citizen-server-impl] server thread hitch warning: timer interval of 220 milliseconds
[ citizen-server-impl] network thread hitch warning: timer interval of 202 milliseconds
[ citizen-server-impl] sync thread hitch warning: timer interval of 207 milliseconds
[ citizen-server-impl] server thread hitch warning: timer interval of 157 milliseconds

║             TXADMIN║ ================================================================
║             TXADMIN║ ======== [13296] FXServer Starting - 04/02/2026, 12:42:18       
║             TXADMIN║ ================================================================
WARNING: spooner has not been configured. Please edit fxmanifest.lua and set the gameName variable.
[           resources] Scanning resources.
[   resources:[plane}] Warning: [plane} does not have a resource manifest (fxmanifest.lua)
[ resources:FivemCity] Warning: FivemCity does not have a resource manifest (fxmanifest.lua)
[   resources:Impound] Warning: Impound does not have a resource manifest (fxmanifest.lua)
[resources:policestat] Warning: policestation does not have a resource manifest (fxmanifest.lua)
[ resources:slingshot] Warning: slingshot does not have a resource manifest (fxmanifest.lua)
[resources:tesla-mode] Warning: tesla-model-3 does not have a resource manifest (fxmanifest.lua)
[   resources:villa23] Warning: villa23 does not have a resource manifest (fxmanifest.lua)
[resources:AstonMarti] Warning: AstonMartinVanquish has an outdated manifest (__resource.lua instead of fxmanifest.lua)
[ resources:NissanGTR] Warning: NissanGTR has an outdated manifest (__resource.lua instead of fxmanifest.lua)
[resources:BugattiChi] Warning: BugattiChiron has an outdated manifest (__resource.lua instead of fxmanifest.lua)
[resources:Koenigsegg] Warning: KoenigseggAgeraR has an outdated manifest (__resource.lua instead of fxmanifest.lua)
[resources:FordMustan] Warning: FordMustangHoonicorn has an outdated manifest (__resource.lua instead of fxmanifest.lua)
[    resources:AudiA6] Warning: AudiA6 has an outdated manifest (__resource.lua instead of fxmanifest.lua)
[resources:AstonMarti] Warning: AstonMartinOne77 has an outdated manifest (__resource.lua instead of fxmanifest.lua)
[resources:ChevroletC] Warning: ChevroletCorvetteC7 has an outdated manifest (__resource.lua instead of fxmanifest.lua)
[    resources:AudiR8] Warning: AudiR8 has an outdated manifest (__resource.lua instead of fxmanifest.lua)
[resources:BentleyCon] Warning: BentleyContinentalGT has an outdated manifest (__resource.lua instead of fxmanifest.lua)
[  resources:BmwM3E30] Warning: BmwM3E30 has an outdated manifest (__resource.lua instead of fxmanifest.lua)
[resources:BugattiVey] Warning: BugattiVeyron has an outdated manifest (__resource.lua instead of fxmanifest.lua)
[resources:RollsRoyce] Warning: RollsRoycePhantom has an outdated manifest (__resource.lua instead of fxmanifest.lua)
[resources:ChevroletC] Warning: ChevroletChevelleSS454 has an outdated manifest (__resource.lua instead of fxmanifest.lua)
[resources:DodgeCharg] Warning: DodgeChargerSRT has an outdated manifest (__resource.lua instead of fxmanifest.lua)
[resources:DodgeViper] Warning: DodgeViperSRT has an outdated manifest (__resource.lua instead of fxmanifest.lua)
[resources:FerrariF12] Warning: FerrariF12 has an outdated manifest (__resource.lua instead of fxmanifest.lua)
[resources:FerrariF40] Warning: FerrariF40 has an outdated manifest (__resource.lua instead of fxmanifest.lua)
[resources:FerrariF80] Warning: FerrariF80 has an outdated manifest (__resource.lua instead of fxmanifest.lua)
[resources:FerrariLaF] Warning: FerrariLaFerrari has an outdated manifest (__resource.lua instead of fxmanifest.lua)
[  resources:HondaNSX] Warning: HondaNSX has an outdated manifest (__resource.lua instead of fxmanifest.lua)
[resources:FordGT2005] Warning: FordGT2005 has an outdated manifest (__resource.lua instead of fxmanifest.lua)
[resources:FordGT2017] Warning: FordGT2017 has an outdated manifest (__resource.lua instead of fxmanifest.lua)
[resources:FordMustan] Warning: FordMustangGT1965 has an outdated manifest (__resource.lua instead of fxmanifest.lua)
[resources:FordMustan] Warning: FordMustangGT2015 has an outdated manifest (__resource.lua instead of fxmanifest.lua)
[resources:HondaCivic] Warning: HondaCivicTypeR has an outdated manifest (__resource.lua instead of fxmanifest.lua)
[resources:Lamborghin] Warning: LamborghiniGallardoLP560 has an outdated manifest (__resource.lua instead of fxmanifest.lua)
[resources:MercedesC6] Warning: MercedesC63 has an outdated manifest (__resource.lua instead of fxmanifest.lua)
[resources:3DWaypoint] Warning: 3DWaypoint has an outdated manifest (__resource.lua instead of fxmanifest.lua)
[resources:MazdaRX7Ve] Warning: MazdaRX7Veilside has an outdated manifest (__resource.lua instead of fxmanifest.lua)
[ resources:McLarenF1] Warning: McLarenF1 has an outdated manifest (__resource.lua instead of fxmanifest.lua)
[ resources:McLarenP1] Warning: McLarenP1 has an outdated manifest (__resource.lua instead of fxmanifest.lua)
[resources:Mitsubishi] Warning: MitsubishiEvoIX has an outdated manifest (__resource.lua instead of fxmanifest.lua)
[resources:MercedesG6] Warning: MercedesG65 has an outdated manifest (__resource.lua instead of fxmanifest.lua)
[resources:MercedesSL] Warning: MercedesSLS has an outdated manifest (__resource.lua instead of fxmanifest.lua)
[resources:MiniCooper] Warning: MiniCooperS has an outdated manifest (__resource.lua instead of fxmanifest.lua)
[resources:Nissan370Z] Warning: Nissan370Z has an outdated manifest (__resource.lua instead of fxmanifest.lua)
[resources:NissanSkyl] Warning: NissanSkyline has an outdated manifest (__resource.lua instead of fxmanifest.lua)
[resources:Porsche918] Warning: Porsche918Spyder has an outdated manifest (__resource.lua instead of fxmanifest.lua)
[resources:PorscheCay] Warning: PorscheCayenneTurboS has an outdated manifest (__resource.lua instead of fxmanifest.lua)
[resources:PorscheGT2] Warning: PorscheGT2RS has an outdated manifest (__resource.lua instead of fxmanifest.lua)
[resources:ShelbyGT50] Warning: ShelbyGT500 has an outdated manifest (__resource.lua instead of fxmanifest.lua)
[resources:SubaruWRXS] Warning: SubaruWRXSTI has an outdated manifest (__resource.lua instead of fxmanifest.lua)
[resources:ToyotaSupr] Warning: ToyotaSupraJZA80 has an outdated manifest (__resource.lua instead of fxmanifest.lua)
[resources:VisualSett] Warning: VisualSettings has an outdated manifest (__resource.lua instead of fxmanifest.lua)
[resources:RealisticA] Warning: RealisticAirControl has an outdated manifest (__resource.lua instead of fxmanifest.lua)
[           resources] Found 249 resources.
[           resources] 53 warnings were encountered.
[          svadhesive] Authenticating server license key...
[          svadhesive] Server license key authentication succeeded. Welcome!
[    c-scripting-core] Creating script environments for monitor
[      script:monitor] [txAdmin] Resource v8.0.1 threads and commands set up. All Ready.
[           resources] Started resource monitor
[    c-scripting-core] Creating script environments for mapmanager
[           resources] Started resource mapmanager
[    c-scripting-core] Creating script environments for chat
[           resources] Started resource chat
[           resources] Started resource spawnmanager
[    c-scripting-core] Creating script environments for sessionmanager
[           resources] Started resource sessionmanager
[ citizen-server-impl] sync thread hitch warning: timer interval of 123 milliseconds
[   script:mapmanager] Started gametype Freeroam
[           resources] Started resource basic-gamemode
[    c-scripting-core] Creating script environments for hardcap
[           resources] Started resource hardcap
[           resources] Started resource ipls_resource
[ citizen-server-impl] sync thread hitch warning: timer interval of 110 milliseconds
[resources:lakelouise] Asset lakelouise/Barrier.ydr uses 17.0 MiB of virtual memory.
[resources:lakelouise] Asset lakelouise/Road.ydr uses 20.0 MiB of virtual memory.
[resources:lakelouise] Asset lakelouise/lakelouise.ytd uses 34.9 MiB of physical memory.
[           resources] Started resource lakelouise (3 warnings)
[     resources:lapd6] Warning: could not find client_script `vehicle_names.lua` (defined in __resource.lua:18)
[     resources:lapd6] Warning: could not find file `vehiclelayouts.meta` (defined in __resource.lua:3)
[resources:lapd6:stre] Asset lapd6/lapd6.yft uses 17.5 MiB of virtual memory.
[resources:lapd6:stre] Asset lapd6/lapd6.ytd uses 49.0 MiB of physical memory. Oversized assets can and WILL lead to streaming issues (such as models not loading/rendering).
[resources:lapd6:stre] Asset lapd6/lapd6_hi.yft uses 17.5 MiB of virtual memory.
[           resources] Started resource lapd6 (5 warnings)
[resources:mechanic-f] Warning: could not find file `peds.meta` (defined in fxmanifest.lua:4)
[resources:mechanic-f] Asset mechanic-f1/f1_r.ydr uses 32.0 MiB of virtual memory.
[resources:mechanic-f] Asset mechanic-f1/mc_txt.ytd uses 180.0 MiB of physical memory. Oversized assets can and WILL lead to streaming issues (such as models not loading/rendering).
[           resources] Started resource mechanic-f1 (3 warnings)
[           resources] Started resource pillbox
[           resources] Started resource redmo-firestation-master
[           resources] Started resource dealer_map
[           resources] Started resource hospital_map
[           resources] Started resource prison_canteen
[resources:prison_mai] Asset prison_main/desertos_prison.ytd uses 30.5 MiB of physical memory.
[           resources] Started resource prison_main (1 warning)
[           resources] Started resource prison_meeting
[ citizen-server-impl] Couldn't find resource category [ui].
[           resources] Started resource pma-radio
[    c-scripting-core] Creating script environments for pma-voice
[           resources] Started resource pma-voice
[           resources] Started resource 3DWaypoint
[    c-scripting-core] Creating script environments for Ricky-VinewoodSign
[script:Ricky-Vinewoo] [Ricky-VinewoodSign] Framework found: standalone
[           resources] Started resource Ricky-VinewoodSign
[    c-scripting-core] Creating script environments for ServerSync
[           resources] Started resource ServerSync
[           resources] Started resource VisualSettings
[    c-scripting-core] Creating script environments for aerial-tramway
[           resources] Started resource aerial-tramway
[           resources] Started resource bob74_ipl
[    c-scripting-core] Creating script environments for fivem-cbps-menu
[script:fivem-cbps-me] Could not load assembly Newtonsoft.Json - loading exceptions: Exception loading assembly Newtonsoft.Json: System.IO.FileNotFoundException: Unable to find the specified file.
[script:fivem-cbps-me] 
[script:fivem-cbps-me] 
[script:fivem-cbps-me] Server stack trace: 
[script:fivem-cbps-me]   at System.Runtime.InteropServices.Marshal.ThrowExceptionForHR (System.Int32 errorCode) [0x0000a] in <fbc4ec45371543bfba3678ebb82caf6d>:0 
[script:fivem-cbps-me]   at (wrapper cominterop) CitizenFX.Core.IScriptHost.OpenHostFile(string)
[script:fivem-cbps-me]   at (wrapper cominterop-invoke) CitizenFX.Core.IScriptHost.OpenHostFile(string)
[script:fivem-cbps-me]   at CitizenFX.Core.MonoScriptRuntime+WrapScriptHost.OpenHostFile (System.String fileName) [0x00000] in C:\gl\builds\cfx-fivem-2\code\client\clrcore\MonoScriptRuntime.cs:385 
[script:fivem-cbps-me]   at (wrapper remoting-invoke-with-check) CitizenFX.Core.MonoScriptRuntime+WrapScriptHost.OpenHostFile(string)
[script:fivem-cbps-me]   at (wrapper xdomain-dispatch) CitizenFX.Core.MonoScriptRuntime+WrapScriptHost.OpenHostFile(object,byte[]&,byte[]&,string)
[script:fivem-cbps-me] 
[script:fivem-cbps-me] Exception rethrown at [0]: 
[script:fivem-cbps-me]   at (wrapper xdomain-invoke) CitizenFX.Core.MonoScriptRuntime+WrapScriptHost.OpenHostFile(string)
[script:fivem-cbps-me]   at CitizenFX.Core.InternalManager.LoadAssemblyInternal (System.String baseName, System.Boolean useSearchPaths) [0x00075] in C:\gl\builds\cfx-fivem-2\code\client\clrcore\InternalManager.cs:212 
[script:fivem-cbps-me] 
[script:fivem-cbps-me] Failed to instantiate instance of script CBPSMenu.Server.ConfigManager: System.Reflection.TargetInvocationException: Exception has been thrown by the target of an invocation. ---> System.IO.FileNotFoundException: Could not load file or assembly 'Newtonsoft.Json, Version=13.0.0.0, Culture=neutral, PublicKeyToken=30ad4fe6b2a6aeed' or one of its dependencies.
[script:fivem-cbps-me]   at CBPSMenu.Server.ConfigManager..ctor () [0x00022] in <068edd8801e54858907e0265a8c18f82>:0 
[script:fivem-cbps-me]   at (wrapper managed-to-native) System.Reflection.RuntimeConstructorInfo.InternalInvoke(System.Reflection.RuntimeConstructorInfo,object,object[],System.Exception&)
[script:fivem-cbps-me]   at System.Reflection.RuntimeConstructorInfo.InternalInvoke (System.Object obj, System.Object[] parameters, System.Boolean wrapExceptions) [0x00005] in <fbc4ec45371543bfba3678ebb82caf6d>:0 
[script:fivem-cbps-me]    Exception_EndOfInnerExceptionStack
[script:fivem-cbps-me]   at System.Reflection.RuntimeConstructorInfo.InternalInvoke (System.Object obj, System.Object[] parameters, System.Boolean wrapExceptions) [0x0001a] in <fbc4ec45371543bfba3678ebb82caf6d>:0 
[script:fivem-cbps-me]   at System.RuntimeType.CreateInstanceMono (System.Boolean nonPublic, System.Boolean wrapExceptions) [0x00095] in <fbc4ec45371543bfba3678ebb82caf6d>:0 
[script:fivem-cbps-me]   at System.RuntimeType.CreateInstanceSlow (System.Boolean publicOnly, System.Boolean wrapExceptions, System.Boolean skipCheckThis, System.Boolean fillCache) [0x00009] in <fbc4ec45371543bfba3678ebb82caf6d>:0 
[script:fivem-cbps-me]   at System.RuntimeType.CreateInstanceDefaultCtor (System.Boolean publicOnly, System.Boolean skipCheckThis, System.Boolean fillCache, System.Boolean wrapExceptions, System.Threading.StackCrawlMark& stackMark) [0x00027] in <fbc4ec45371543bfba3678ebb82caf6d>:0 
[script:fivem-cbps-me]   at System.Activator.CreateInstance (System.Type type, System.Boolean nonPublic, System.Boolean wrapExceptions) [0x00020] in <fbc4ec45371543bfba3678ebb82caf6d>:0 
[script:fivem-cbps-me]   at System.Activator.CreateInstance (System.Type type, System.Boolean nonPublic) [0x00000] in <fbc4ec45371543bfba3678ebb82caf6d>:0 
[script:fivem-cbps-me]   at System.Activator.CreateInstance (System.Type type) [0x00000] in <fbc4ec45371543bfba3678ebb82caf6d>:0 
[script:fivem-cbps-me]   at CitizenFX.Core.InternalManager.CreateAssemblyInternal (System.String assemblyFile, System.Byte[] assemblyData, System.Byte[] symbolData) [0x0007b] in C:\gl\builds\cfx-fivem-2\code\client\clrcore\InternalManager.cs:156 
[script:fivem-cbps-me] Instantiated instance of script CBPSMenu.Server.PlayerManager.
[script:fivem-cbps-me] Failed to instantiate instance of script CBPSMenu.Server.RaceManager: System.Reflection.TargetInvocationException: Exception has been thrown by the target of an invocation. ---> System.IO.FileNotFoundException: Could not load file or assembly 'Newtonsoft.Json, Version=13.0.0.0, Culture=neutral, PublicKeyToken=30ad4fe6b2a6aeed' or one of its dependencies.
[script:fivem-cbps-me]   at CBPSMenu.Server.RaceManager..ctor () [0x0002e] in <068edd8801e54858907e0265a8c18f82>:0 
[script:fivem-cbps-me]   at (wrapper managed-to-native) System.Reflection.RuntimeConstructorInfo.InternalInvoke(System.Reflection.RuntimeConstructorInfo,object,object[],System.Exception&)
[script:fivem-cbps-me]   at System.Reflection.RuntimeConstructorInfo.InternalInvoke (System.Object obj, System.Object[] parameters, System.Boolean wrapExceptions) [0x00005] in <fbc4ec45371543bfba3678ebb82caf6d>:0 
[script:fivem-cbps-me]    Exception_EndOfInnerExceptionStack
[script:fivem-cbps-me]   at System.Reflection.RuntimeConstructorInfo.InternalInvoke (System.Object obj, System.Object[] parameters, System.Boolean wrapExceptions) [0x0001a] in <fbc4ec45371543bfba3678ebb82caf6d>:0 
[script:fivem-cbps-me]   at System.RuntimeType.CreateInstanceMono (System.Boolean nonPublic, System.Boolean wrapExceptions) [0x00095] in <fbc4ec45371543bfba3678ebb82caf6d>:0 
[script:fivem-cbps-me]   at System.RuntimeType.CreateInstanceSlow (System.Boolean publicOnly, System.Boolean wrapExceptions, System.Boolean skipCheckThis, System.Boolean fillCache) [0x00009] in <fbc4ec45371543bfba3678ebb82caf6d>:0 
[script:fivem-cbps-me]   at System.RuntimeType.CreateInstanceDefaultCtor (System.Boolean publicOnly, System.Boolean skipCheckThis, System.Boolean fillCache, System.Boolean wrapExceptions, System.Threading.StackCrawlMark& stackMark) [0x00027] in <fbc4ec45371543bfba3678ebb82caf6d>:0 
[script:fivem-cbps-me]   at System.Activator.CreateInstance (System.Type type, System.Boolean nonPublic, System.Boolean wrapExceptions) [0x00020] in <fbc4ec45371543bfba3678ebb82caf6d>:0 
[script:fivem-cbps-me]   at System.Activator.CreateInstance (System.Type type, System.Boolean nonPublic) [0x00000] in <fbc4ec45371543bfba3678ebb82caf6d>:0 
[script:fivem-cbps-me]   at System.Activator.CreateInstance (System.Type type) [0x00000] in <fbc4ec45371543bfba3678ebb82caf6d>:0 
[script:fivem-cbps-me]   at CitizenFX.Core.InternalManager.CreateAssemblyInternal (System.String assemblyFile, System.Byte[] assemblyData, System.Byte[] symbolData) [0x0007b] in C:\gl\builds\cfx-fivem-2\code\client\clrcore\InternalManager.cs:156 
[script:fivem-cbps-me] [CBPS Menu] Starting server...
[script:fivem-cbps-me] [CBPS Menu] Server started successfully!
[script:fivem-cbps-me] Instantiated instance of script CBPSMenu.Server.ServerMain.
[script:fivem-cbps-me] Instantiated instance of script CBPSMenu.Server.TeamManager.
[script:fivem-cbps-me] Instantiated instance of script CBPSMenu.Server.VehicleManager.
[script:fivem-cbps-me] [CBPS Menu] Voice Manager initialized
[script:fivem-cbps-me] Instantiated instance of script CBPSMenu.Server.VoiceManager.
[script:fivem-cbps-me] Instantiated instance of script CBPSMenu.Server.WeaponManager.
[resources:fivem-cbps] Warning: could not find file `Newtonsoft.Json.dll` (defined in fxmanifest.lua:18)
[           resources] Started resource fivem-cbps-menu (1 warning)
[           resources] Started resource mask-fix
[           resources] Warning: Resource spooner does not support the current game (gta5).
[ citizen-server-impl] Couldn't start resource spooner.
[           resources] Started resource um-fpsbooster
[    c-scripting-core] Creating script environments for vMenu
[        script:vMenu] Instantiated instance of script vMenuServer.BanManager.
[        script:vMenu] Instantiated instance of script vMenuServer.MainServer.
[           resources] Started resource vMenu
[           resources] Started resource z-loadscreen
[   script:mapmanager] Started map fivem-map-skater
[           resources] Started resource fivem-map-skater
[   script:ServerSync] [ServerSync] initialized.
[   script:ServerSync] server thread hitch warning: timer interval of 311 milliseconds
[ citizen-server-impl]         fff                          
[ citizen-server-impl]   cccc ff   xx  xx     rr rr    eee  
[ citizen-server-impl] cc     ffff   xx       rrr  r ee   e 
[ citizen-server-impl] cc     ff     xx   ... rr     eeeee  
[ citizen-server-impl]  ccccc ff   xx  xx ... rr      eeeee 
[ citizen-server-impl]                                      
[ citizen-server-impl] Authenticated with cfx.re Nucleus: https://mcpeaps-hd-lkvx57.users.cfx.re/
[    script:pma-voice] [WARNING] It's recommended to have 'voice_useSendingRangeOnly' set to false, you can do that with 'setr voice_useSendingRangeOnly false', this makes clients ignore the position information sent from the client.
